model_version,source,interval_prob,Year,analyte,treatment,n_events,n_rows,volume_mean,volume_low,volume_high,conc_mean,conc_low,conc_high,load_mean,load_low,load_high
v2p1,Bayes_Modeled,0.95,2011,NH4,CT,12,12,446451.59217147174,378092.9116196983,517772.9348141127,0.08668631726311474,0.0021032590609856633,0.20441110548704938,38.732364599862116,0.8676388767697512,90.16330557160629
v2p1,Bayes_Modeled,0.95,2011,NH4,MT,12,12,483403.0149288928,430401.88792301994,533906.731463671,0.11357623168754052,0.011777430948811653,0.22349890696966807,54.98062512247196,5.47507573763462,109.03522117961359
v2p1,Bayes_Modeled,0.95,2011,NH4,ST,12,12,485583.89764131187,431231.95376228815,538306.329752052,0.1152527633305906,0.012364514385685683,0.22573022049464359,56.0498886741892,5.912368140379817,111.78695657672827
v2p1,Bayes_Modeled,0.95,2012,NH4,CT,16,16,596723.0951956059,506267.7586744473,691643.9004833978,0.04703950868364561,0,0.14299292485820542,28.117085532397745,0,87.57262581291377
v2p1,Bayes_Modeled,0.95,2012,NH4,MT,18,18,704417.6730358149,626637.3676787507,778813.5175217993,0.06594367120731273,9.974405072601259e-4,0.17253074505209676,46.544948235752855,0.7010384577046223,120.87939804037384
v2p1,Bayes_Modeled,0.95,2012,NH4,ST,16,16,642918.8214966661,575346.6019063252,706180.424473316,0.06341332596797679,0.0010841483170347475,0.17063210356327702,40.80932744979774,0.6741360662559672,110.13603201548479
v2p1,Bayes_Modeled,0.95,2013,NH4,CT,14,14,552234.8996967906,497699.5046328152,606952.5049452058,0.10501494670943735,0.00220274455074301,0.2392751735602209,58.05469256367203,1.2195729997689926,133.28581664029358
v2p1,Bayes_Modeled,0.95,2013,NH4,MT,14,14,554948.8870722456,499543.1266029607,609866.1812797955,0.10199321557799992,0.0020462975809300886,0.23696370603842698,56.6651428505765,1.1113950831126327,132.69109948529882
v2p1,Bayes_Modeled,0.95,2013,NH4,ST,14,14,554948.8870722456,499543.1266029607,609866.1812797955,0.1067338587422533,0.0024669007036236196,0.24123730412022276,59.29694499513047,1.3904739198669196,135.86041053313187
v2p1,Bayes_Modeled,0.95,2014,NH4,CT,19,19,745435.1196360395,667716.1987144959,819748.6664168057,0.1343231961629169,0.05548939690460891,0.2088894203948657,100.21827799285893,41.11498420963851,158.607452454466
v2p1,Bayes_Modeled,0.95,2014,NH4,MT,8,8,321429.8729498313,285946.59237102594,355102.7264967804,0.12090741185177807,0.042741957413402774,0.20169018513980203,38.916407953618986,13.327604387755345,66.0093751989498
v2p1,Bayes_Modeled,0.95,2014,NH4,ST,19,18,759316.5397953768,675708.76688289,839374.9178988114,0.13539148667659762,0.056732627306624935,0.20910900681196648,102.9250057623628,42.49041102338862,163.32745260002832
v2p1,Bayes_Modeled,0.95,2015,NH4,CT,14,12,515569.3058452989,443656.9074415448,591748.9166018006,0.08466383470190633,0.061134750953344454,0.11199429148545778,43.69887490209658,30.279918465503552,59.801527551838554
v2p1,Bayes_Modeled,0.95,2015,NH4,MT,14,12,465123.808312737,426417.22726849816,504926.7796362379,0.08465382956426587,0.06509093189285714,0.10754853347069479,39.37921471757115,29.578135163667334,50.84259642845486
v2p1,Bayes_Modeled,0.95,2015,NH4,ST,14,12,442925.7314620353,403060.59599062277,482607.2492325006,0.08499235954334072,0.06461025850862046,0.10980274978803752,37.64517438536506,28.194136735464856,49.674609334705764
v2p1,Bayes_Modeled,0.95,2016,NH4,CT,4,4,107797.62879576921,76680.9788880031,135569.52200098542,0.1458580115988527,0.11130401826986747,0.18451346105096522,15.774025516962327,9.520960630936809,22.278894577547256
v2p1,Bayes_Modeled,0.95,2016,NH4,MT,4,4,89007.20071625577,57650.13588294908,116635.74513993142,0.1274698212631865,0.09351755548270685,0.16253773293738127,11.38025746429123,6.361973439320703,16.73717493699744
v2p1,Bayes_Modeled,0.95,2016,NH4,ST,4,4,87783.99687120927,56559.8452293367,115252.48534475925,0.1315056308960069,0.0977740107376452,0.16469345142974523,11.570634980353692,6.6665380413890265,16.891483558363156
v2p1,Bayes_Modeled,0.95,2017,NH4,CT,30,30,1113400.646638159,965684.8210432134,1263620.8128921357,0.10736328054836074,0.004962565264634174,0.2315597815267571,119.8096153740401,5.969865890004642,257.3996679219495
v2p1,Bayes_Modeled,0.95,2017,NH4,MT,24,24,703840.4124768301,632806.6219676812,775499.9215273319,0.09224330501574972,0,0.20998438198994923,65.10239599296503,0,150.37830955864712
v2p1,Bayes_Modeled,0.95,2017,NH4,ST,28,28,783927.0679442706,694126.9892513904,872479.087330132,0.09531826510408423,1.406889523045442e-4,0.21781229138862762,74.94607026595389,0.11210630781605983,172.22751178456423
v2p1,Bayes_Modeled,0.95,2018,NH4,CT,10,10,407915.0439159574,269436.2074146378,543214.1218099506,0.12651555789445598,0.01887088562757561,0.24808377847301732,53.019599338013776,6.9303788994629905,123.21911177646444
v2p1,Bayes_Modeled,0.95,2018,NH4,MT,10,10,396511.2445874468,271527.05293210095,538701.8784837993,0.13039263060204043,0.030101591358647633,0.246190947722053,53.10251277199391,9.863290959944814,122.55349310526312
v2p1,Bayes_Modeled,0.95,2018,NH4,ST,10,10,393853.5627217554,269261.3244676018,535992.1038902043,0.13465321225763402,0.030090097731927223,0.25505557588860017,54.42227840093629,10.371723653685176,122.65332999985584
v2p1,Bayes_Modeled,0.95,2019,NH4,CT,2,2,99742.41799288319,90418.61797829511,109225.98216899208,0.2179417450370181,0.09013686981490074,0.3593262332981883,21.755667648133677,8.844591372676271,36.61770285805956
v2p1,Bayes_Modeled,0.95,2019,NH4,MT,2,2,99742.41799288319,90418.61797829511,109225.98216899208,0.21268350162558558,0.08710227300685397,0.3526163501298052,21.22971800482016,8.396028568845814,36.0523255645364
v2p1,Bayes_Modeled,0.95,2019,NH4,ST,2,2,99742.41799288319,90418.61797829511,109225.98216899208,0.2179417450370181,0.09013686981490074,0.3593262332981883,21.755667648133677,8.844591372676271,36.61770285805956
v2p1,Bayes_Modeled,0.95,2020,NH4,CT,20,20,806951.7912822809,717402.402649373,893516.8907210049,0.11154008770346044,0.028731031487401033,0.2075287194848609,90.15404999721969,23.542487425300912,171.07518914467568
v2p1,Bayes_Modeled,0.95,2020,NH4,MT,20,20,607619.697104817,551210.0535258434,663588.4924481383,0.0752868293784915,0.010980454307525204,0.1627920534651767,45.7986939712,6.969591202345239,99.8254849344186
v2p1,Bayes_Modeled,0.95,2020,NH4,ST,20,20,616464.5692435801,556931.7815961624,675832.5478645691,0.08256874756938834,0.01588811752559874,0.16965186978564284,50.95275764241991,9.88521239171047,105.5623479921739
v2p1,Bayes_Modeled,0.95,2021,NH4,CT,31,31,1145119.8430902904,972876.8238447793,1325746.1714094873,0.07748016070574396,0.00468445594241027,0.17453003759292895,88.8852950794191,5.533005286107175,202.0589773823086
v2p1,Bayes_Modeled,0.95,2021,NH4,MT,31,31,796697.3171503139,707579.0391422387,893782.6532415379,0.0562189521877249,0,0.15536167493148073,44.95464549415526,0,122.77611043964367
v2p1,Bayes_Modeled,0.95,2021,NH4,ST,29,29,795435.9556018622,721109.4555769025,873097.2126963369,0.06575752706994435,7.674510964802625e-5,0.16560868210116206,52.43533863598492,0.06227892358418841,133.00642060931887
v2p1,Bayes_Modeled,0.95,2022,NH4,CT,38,36,1462443.9688438016,1325541.4414871098,1593128.1077909903,0.08855957904286106,0.01711944362738553,0.17606395496894484,129.6939501853835,24.111693160338817,259.0114559406739
v2p1,Bayes_Modeled,0.95,2022,NH4,MT,41,40,1385406.053258105,1286741.9270388377,1488371.6801782083,0.07366502963297632,0.006226987172220429,0.16224297952215866,102.18000829378073,8.621656743384264,226.5495086780358
v2p1,Bayes_Modeled,0.95,2022,NH4,ST,41,40,1419453.3688553572,1312319.219853946,1527603.973929048,0.07970040577944168,0.008595930551145547,0.16522299100103138,113.26154174276517,12.770915355780177,235.1453332251903
v2p1,Bayes_Modeled,0.95,2023,NH4,CT,41,41,1708902.8435834912,1584097.2425678622,1844965.9404661981,0.12536853097586448,0.016634601752189837,0.24624205415039052,214.31414589038826,27.990195024373378,420.6337578902818
v2p1,Bayes_Modeled,0.95,2023,NH4,MT,46,46,1787819.0373125088,1672934.3356046774,1910436.542213783,0.11856148077693299,0.012036224416808485,0.24162666409770805,212.11952106180127,21.14598523155156,428.7349504404185
v2p1,Bayes_Modeled,0.95,2023,NH4,ST,41,41,1545580.4577305983,1446692.1930412469,1647844.0707116164,0.11620693335907967,0.010661009547641799,0.2366289505231482,179.8189945100813,16.4519576763972,362.91979822312226
v2p1,Bayes_Modeled,0.95,2024,NH4,CT,32,32,1600465.8885206713,1451241.4671612307,1753677.254691104,0.17368140098625112,0.03169333637445275,0.31752133745873856,278.1807830298948,52.04072686242692,518.8276569723537
v2p1,Bayes_Modeled,0.95,2024,NH4,MT,32,32,1600465.8885206713,1451241.4671612307,1753677.254691104,0.17385024310454564,0.031880676126044546,0.31691161471849916,278.45381317453916,52.62903853516383,519.3878998870391
v2p1,Bayes_Modeled,0.95,2024,NH4,ST,32,32,1600465.8885206713,1451241.4671612307,1753677.254691104,0.17382553075573767,0.031812107758616016,0.3174510090274633,278.4132443895086,52.241761546185515,519.1073534405698
v2p1,Bayes_Modeled,0.95,2025,NH4,CT,52,52,2032912.233742631,1832271.7586989612,2223295.8335318025,0.10257536813745402,0.00286322656679167,0.22992092584010224,208.64757898866432,5.748447802135228,459.81966823467076
v2p1,Bayes_Modeled,0.95,2025,NH4,MT,52,52,1573502.4747153716,1455312.0123042637,1689386.3544655715,0.07665147782169311,2.7604240314114357e-5,0.1933500911423829,120.6990399638886,0.04359947503057328,306.4447015906447
v2p1,Bayes_Modeled,0.95,2025,NH4,ST,52,52,1662527.2035949766,1533354.932831374,1793802.2510072985,0.07871700943977362,9.378186602124993e-5,0.19558473838987706,131.010643368061,0.15802678077768523,327.34563925061855
v2p1,Bayes_Modeled,0.95,2011,NO3,CT,12,12,446451.59217147174,378092.9116196983,517772.9348141127,7.3895752804318775,6.818609572842583,7.980088843666944,3299.924919832362,2732.2939157887163,3909.611531075612
v2p1,Bayes_Modeled,0.95,2011,NO3,MT,12,12,483403.0149288928,430401.88792301994,533906.731463671,7.506708968825945,6.912930854555437,8.131057615105123,3629.5141596224425,3159.3674307536403,4183.318456900212
v2p1,Bayes_Modeled,0.95,2011,NO3,ST,12,12,485583.89764131187,431231.95376228815,538306.329752052,7.513622030993356,6.906686934777183,8.146555290874613,3649.2992333426455,3175.221244513553,4228.658384596472
v2p1,Bayes_Modeled,0.95,2012,NO3,CT,20,20,727207.3048409823,614190.5913392,843327.4603708806,8.406552903295793,7.889775394262905,8.88689599656531,6114.619936258568,5111.531466509372,7222.857648522586
v2p1,Bayes_Modeled,0.95,2012,NO3,MT,18,18,704417.6730358149,626637.3676787507,778813.5175217993,8.637452594158995,8.032539530593375,9.250359327001945,6085.58899767455,5239.321920172602,6954.557428753595
v2p1,Bayes_Modeled,0.95,2012,NO3,ST,17,17,683208.350558077,611015.5615390188,750565.0171461324,8.470680768840328,7.855195304434459,9.072660828087272,5788.474641499163,5031.859428280408,6557.751752629668
v2p1,Bayes_Modeled,0.95,2013,NO3,CT,14,14,552234.8996967906,497699.5046328152,606952.5049452058,8.156316193921276,7.611298916847571,8.71497868944893,4504.82137976879,3957.6045981394464,5080.253419340073
v2p1,Bayes_Modeled,0.95,2013,NO3,MT,14,14,554948.8870722456,499543.1266029607,609866.1812797955,8.347017972678614,7.751823126144965,8.968825215123415,4632.956849826589,4063.6308361438223,5256.13323634509
v2p1,Bayes_Modeled,0.95,2013,NO3,ST,14,14,554948.8870722456,499543.1266029607,609866.1812797955,8.163689484432869,7.61813897460677,8.731666773224976,4531.080335579704,3978.0438342332254,5113.131579902843
v2p1,Bayes_Modeled,0.95,2014,NO3,CT,19,19,745435.1196360395,667716.1987144959,819748.6664168057,8.630163707790125,8.092340844840747,9.21148844320177,6434.1267547226125,5648.566650988061,7242.092904337458
v2p1,Bayes_Modeled,0.95,2014,NO3,MT,8,8,321429.8729498313,285946.59237102594,355102.7264967804,8.462225165445886,7.823683539234726,9.103273160993199,2720.5411887494647,2363.7033414909056,3091.5332165336476
v2p1,Bayes_Modeled,0.95,2014,NO3,ST,19,18,759316.5397953768,675708.76688289,839374.9178988114,8.226251853729272,7.695025213567849,8.81803346286108,6247.320652124227,5428.246308189031,7049.4575280988265
v2p1,Bayes_Modeled,0.95,2015,NO3,CT,14,12,515569.3058452989,443656.9074415448,591748.9166018006,6.892852519299193,6.5312710600632355,7.248533618787803,3554.5147658582614,3009.8874510577684,4140.524956777627
v2p1,Bayes_Modeled,0.95,2015,NO3,MT,14,12,465123.808312737,426417.22726849816,504926.7796362379,7.127397659238167,6.795628969115133,7.448863314850296,3315.2795347022,3003.219991335115,3651.53081317163
v2p1,Bayes_Modeled,0.95,2015,NO3,ST,14,12,442925.7314620353,403060.59599062277,482607.2492325006,6.970145696381741,6.647863524436458,7.302643810608855,3087.4619026494215,2784.564927476196,3407.9880633785456
v2p1,Bayes_Modeled,0.95,2016,NO3,CT,4,4,107797.62879576921,76680.9788880031,135569.52200098542,4.953206698781386,4.4307178119598145,5.485691970104117,535.3348957319187,362.3476081782494,708.4616690173162
v2p1,Bayes_Modeled,0.95,2016,NO3,MT,4,4,89007.20071625577,57650.13588294908,116635.74513993142,5.137810449722321,4.569164138188813,5.663633580649882,458.64044313683405,282.27571817207615,626.4580328825244
v2p1,Bayes_Modeled,0.95,2016,NO3,ST,4,4,87783.99687120927,56559.8452293367,115252.48534475925,4.952705128628252,4.439502785243733,5.476610299020729,436.15582640201666,266.35468288071013,602.4297228478795
v2p1,Bayes_Modeled,0.95,2017,NO3,CT,30,30,1113400.646638159,965684.8210432134,1263620.8128921357,8.800022239264734,8.459684777791125,9.134553252419842,9799.411625910214,8503.935358887196,11285.657262424225
v2p1,Bayes_Modeled,0.95,2017,NO3,MT,24,24,703840.4124768301,632806.6219676812,775499.9215273319,9.051481928359207,8.698643097723604,9.405607502514385,6371.124895433085,5668.483954359137,7062.403025504938
v2p1,Bayes_Modeled,0.95,2017,NO3,ST,28,28,783927.0679442706,694126.9892513904,872479.087330132,8.841376268653296,8.518953594397823,9.15924541505505,6931.656190349365,6066.282056384861,7771.586115392428
v2p1,Bayes_Modeled,0.95,2018,NO3,CT,10,10,407915.0439159574,269436.2074146378,543214.1218099506,7.562041174201426,5.249812982941238,10.024219202185805,3118.276199898074,1661.9794363056212,5159.925349713425
v2p1,Bayes_Modeled,0.95,2018,NO3,MT,10,10,396511.2445874468,271527.05293210095,538701.8784837993,7.825837784043758,5.5105336520128425,10.232569412653795,3135.7527734255686,1678.792442129935,5172.883034594213
v2p1,Bayes_Modeled,0.95,2018,NO3,ST,10,10,393853.5627217554,269261.3244676018,535992.1038902043,7.643679415850321,5.304696405609723,10.08403311703539,3043.3087780223523,1628.1305380193849,5071.163651168761
v2p1,Bayes_Modeled,0.95,2019,NO3,CT,2,2,99742.41799288319,90418.61797829511,109225.98216899208,7.894226442510447,5.941879152433194,9.743855282471044,787.7762662552054,583.8457373098906,999.3409685467117
v2p1,Bayes_Modeled,0.95,2019,NO3,MT,2,2,99742.41799288319,90418.61797829511,109225.98216899208,8.077554930756193,6.132539159206292,9.9383946095516,806.083632146938,599.6068800783976,1024.8909588775036
v2p1,Bayes_Modeled,0.95,2019,NO3,ST,2,2,99742.41799288319,90418.61797829511,109225.98216899208,7.894226442510447,5.941879152433194,9.743855282471044,787.7762662552054,583.8457373098906,999.3409685467117
v2p1,Bayes_Modeled,0.95,2020,NO3,CT,20,20,806951.7912822809,717402.402649373,893516.8907210049,7.570901163032445,7.184227784238262,7.9777568850953156,6110.32032776186,5325.265791361291,6878.530912087068
v2p1,Bayes_Modeled,0.95,2020,NO3,MT,20,20,607619.697104817,551210.0535258434,663588.4924481383,7.795331624945828,7.401141730517258,8.19297404329646,4736.749729761972,4240.485776314673,5251.6280245892685
v2p1,Bayes_Modeled,0.95,2020,NO3,ST,20,20,616464.5692435801,556931.7815961624,675832.5478645691,7.6102843514321705,7.238132077439893,7.986585459257444,4691.932700434035,4178.034859095532,5225.71574152584
v2p1,Bayes_Modeled,0.95,2021,NO3,CT,31,31,1145119.8430902904,972876.8238447793,1325746.1714094873,7.894022134279818,7.592072729533722,8.198825482935,9040.770016183966,7629.5251697207095,10590.067432866374
v2p1,Bayes_Modeled,0.95,2021,NO3,MT,31,31,796697.3171503139,707579.0391422387,893782.6532415379,8.120940670025336,7.864066800283311,8.405785429764101,6469.840347068063,5721.0048713420765,7287.098842521907
v2p1,Bayes_Modeled,0.95,2021,NO3,ST,29,29,795435.9556018622,721109.4555769025,873097.2126963369,8.321235766995297,8.05353357048642,8.589960953448315,6619.105601643166,5962.457778775486,7285.121295664147
v2p1,Bayes_Modeled,0.95,2022,NO3,CT,38,36,1462443.9688438016,1325541.4414871098,1593128.1077909903,6.525019457697651,6.265598444020542,6.770930867284874,9543.376254892604,8539.890765076005,10561.1117643111
v2p1,Bayes_Modeled,0.95,2022,NO3,MT,41,40,1385406.053258105,1286741.9270388377,1488371.6801782083,6.882114707087568,6.6228703228886285,7.171268935759619,9534.788315888947,8742.11961630456,10344.457412957523
v2p1,Bayes_Modeled,0.95,2022,NO3,ST,41,40,1419453.3688553572,1312319.219853946,1527603.973929048,6.706097706451503,6.4571466391084265,6.95427299323584,9519.402229702624,8725.32048288262,10366.4668696709
v2p1,Bayes_Modeled,0.95,2023,NO3,CT,41,41,1708902.8435834912,1584097.2425678622,1844965.9404661981,7.607546356922714,7.391391212563443,7.8327888955176395,13001.293105312418,11960.889601160827,14107.113465563398
v2p1,Bayes_Modeled,0.95,2023,NO3,MT,46,46,1787819.0373125088,1672934.3356046774,1910436.542213783,7.439790902523819,7.2251334040018484,7.659759638475448,13301.37569616271,12340.801030586768,14288.4409501989
v2p1,Bayes_Modeled,0.95,2023,NO3,ST,41,41,1545580.4577305983,1446692.1930412469,1647844.0707116164,7.629081090946434,7.394158395927052,7.864407730364648,11791.788322960696,10943.033674970153,12685.466009642929
v2p1,Bayes_Modeled,0.95,2024,NO3,CT,32,32,1600465.8885206713,1451241.4671612307,1753677.254691104,6.792485051660398,6.5494031568097295,7.045496385602367,10872.043561292166,9780.849136476892,12037.699901889504
v2p1,Bayes_Modeled,0.95,2024,NO3,MT,32,32,1600465.8885206713,1451241.4671612307,1753677.254691104,6.797170702311315,6.553854057446422,7.050968812388715,10879.54604418716,9789.161475105953,12033.386858822061
v2p1,Bayes_Modeled,0.95,2024,NO3,ST,32,32,1600465.8885206713,1451241.4671612307,1753677.254691104,6.795237890278554,6.552310655903749,7.048544363811817,10876.458727299903,9782.825156864254,12039.535503963962
v2p1,Bayes_Modeled,0.95,2025,NO3,CT,52,52,2032912.233742631,1832271.7586989612,2223295.8335318025,0.4685836850257427,0.33227703203799475,0.6665926880954147,953.5829341750522,653.8114125127715,1386.055969432476
v2p1,Bayes_Modeled,0.95,2025,NO3,MT,52,52,1573502.4747153716,1455312.0123042637,1689386.3544655715,0.4473871104447246,0.33160878134539834,0.6159141687214953,704.2995286964742,512.1741743514866,974.8569417112913
v2p1,Bayes_Modeled,0.95,2025,NO3,ST,52,52,1662527.2035949766,1533354.932831374,1793802.2510072985,0.43811564841820944,0.32930637956587844,0.5963218643766396,728.6453034092866,531.8613118096431,1000.5360476839186
v2p1,Bayes_Modeled,0.95,2011,NO2,CT,12,12,446451.59217147174,378092.9116196983,517772.9348141127,0.39969424745810916,0,1.7141023265228512,178.1998415110026,0,769.158492143711
v2p1,Bayes_Modeled,0.95,2011,NO2,MT,12,12,483403.0149288928,430401.88792301994,533906.731463671,0.38511785267251375,0,1.6955570523645074,186.40362553063392,0,834.1078046558465
v2p1,Bayes_Modeled,0.95,2011,NO2,ST,12,12,485583.89764131187,431231.95376228815,538306.329752052,0.3850619363474501,0,1.683561221076924,187.25988152403716,0,841.9837427390919
v2p1,Bayes_Modeled,0.95,2012,NO2,CT,16,16,596723.0951956059,506267.7586744473,691643.9004833978,0.3733568990197947,0,1.582998778351087,221.5695688008848,0,958.8635931282499
v2p1,Bayes_Modeled,0.95,2012,NO2,MT,18,18,704417.6730358149,626637.3676787507,778813.5175217993,0.3618449945325975,0,1.651548873556132,254.63279048538172,0,1146.662468925946
v2p1,Bayes_Modeled,0.95,2012,NO2,ST,16,16,642918.8214966661,575346.6019063252,706180.424473316,0.36123436042792717,0,1.6406711745510418,232.03811880297422,0,1052.4507342778163
v2p1,Bayes_Modeled,0.95,2013,NO2,CT,14,14,552234.8996967906,497699.5046328152,606952.5049452058,0.27547729683346955,0,1.615478646725459,151.97192388125674,0,910.50019411213
v2p1,Bayes_Modeled,0.95,2013,NO2,MT,14,14,554948.8870722456,499543.1266029607,609866.1812797955,0.2744365282448917,0,1.6202037680943437,152.1230645691093,0,915.9212666999333
v2p1,Bayes_Modeled,0.95,2013,NO2,ST,14,14,554948.8870722456,499543.1266029607,609866.1812797955,0.2750165725169993,0,1.616977937470597,152.45353412180015,0,915.5208104309286
v2p1,Bayes_Modeled,0.95,2014,NO2,CT,19,19,745435.1196360395,667716.1987144959,819748.6664168057,0.47824181690675416,0,1.9050963769340368,356.4773384736419,0,1415.209238475284
v2p1,Bayes_Modeled,0.95,2014,NO2,MT,8,8,321429.8729498313,285946.59237102594,355102.7264967804,0.4597111983987288,0,1.8629709088340654,147.7562473951672,0,598.509199394926
v2p1,Bayes_Modeled,0.95,2014,NO2,ST,19,18,759316.5397953768,675708.76688289,839374.9178988114,0.45318309030975384,0,1.7932192710239048,344.0646542142632,0,1348.6399805883598
v2p1,Bayes_Modeled,0.95,2015,NO2,CT,14,12,515569.3058452989,443656.9074415448,591748.9166018006,0.37873795810063954,0,1.6029195984751503,195.45903960902228,0,833.4791744709858
v2p1,Bayes_Modeled,0.95,2015,NO2,MT,14,12,465123.808312737,426417.22726849816,504926.7796362379,0.3570696108966334,0,1.5306078363979472,166.18898631448909,0,707.8882888306603
v2p1,Bayes_Modeled,0.95,2015,NO2,ST,14,12,442925.7314620353,403060.59599062277,482607.2492325006,0.35466340242115557,0,1.5305759030789527,157.20754005657759,0,678.1702883379239
v2p1,Bayes_Modeled,0.95,2016,NO2,CT,4,4,107797.62879576921,76680.9788880031,135569.52200098542,0.4078526841216921,0,1.8745252295954624,44.502239286332454,0,212.30099579552132
v2p1,Bayes_Modeled,0.95,2016,NO2,MT,4,4,89007.20071625577,57650.13588294908,116635.74513993142,0.39931719049476166,0,1.8547734852746594,36.124337032350255,0,177.67780530569308
v2p1,Bayes_Modeled,0.95,2016,NO2,ST,4,4,87783.99687120927,56559.8452293367,115252.48534475925,0.3986740460478703,0,1.863923771046228,35.587510100502314,0,178.1882212588762
v2p1,Bayes_Modeled,0.95,2017,NO2,CT,30,30,1113400.646638159,965684.8210432134,1263620.8128921357,0.32427022364664787,0,1.8354465649753176,361.22350243558657,0,2008.7316115353365
v2p1,Bayes_Modeled,0.95,2017,NO2,MT,24,24,703840.4124768301,632806.6219676812,775499.9215273319,0.29677252855517344,0,1.7681547247188096,208.36439885142568,0,1263.9751838470943
v2p1,Bayes_Modeled,0.95,2017,NO2,ST,28,28,783927.0679442706,694126.9892513904,872479.087330132,0.29469213258504384,0,1.7797590885590768,230.4248510471324,0,1436.4323414095284
v2p1,Bayes_Modeled,0.95,2018,NO2,CT,10,10,407915.0439159574,269436.2074146378,543214.1218099506,0.4454785432946152,0,1.7660376352060907,186.80078183977673,0,764.8376991806228
v2p1,Bayes_Modeled,0.95,2018,NO2,MT,10,10,396511.2445874468,271527.05293210095,538701.8784837993,0.4259339426215988,0,1.703864378388851,173.57169113598852,0,697.481649045249
v2p1,Bayes_Modeled,0.95,2018,NO2,ST,10,10,393853.5627217554,269261.3244676018,535992.1038902043,0.42527299434488136,0,1.730179062258243,172.22460401565394,0,707.6137725042345
v2p1,Bayes_Modeled,0.95,2019,NO2,CT,2,2,99742.41799288319,90418.61797829511,109225.98216899208,0.3629630942698091,0,1.7647329829123655,36.200200948558226,0,175.48486262685418
v2p1,Bayes_Modeled,0.95,2019,NO2,MT,2,2,99742.41799288319,90418.61797829511,109225.98216899208,0.3628731863357724,0,1.773502660628971,36.190774751065284,0,176.85621188053045
v2p1,Bayes_Modeled,0.95,2019,NO2,ST,2,2,99742.41799288319,90418.61797829511,109225.98216899208,0.3629630942698091,0,1.7647329829123655,36.200200948558226,0,175.48486262685418
v2p1,Bayes_Modeled,0.95,2020,NO2,CT,20,20,806951.7912822809,717402.402649373,893516.8907210049,0.40682531429795277,0,1.6079440096929498,328.25350770259826,0,1294.2957696254211
v2p1,Bayes_Modeled,0.95,2020,NO2,MT,20,20,607619.697104817,551210.0535258434,663588.4924481383,0.38579525493943556,0,1.5534164327521744,234.38391637433568,0,950.0855050433161
v2p1,Bayes_Modeled,0.95,2020,NO2,ST,20,20,616464.5692435801,556931.7815961624,675832.5478645691,0.38581349780217283,0,1.5385032950119484,237.82479691762853,0,966.1984426019371
v2p1,Bayes_Modeled,0.95,2021,NO2,CT,31,31,1145119.8430902904,972876.8238447793,1325746.1714094873,0.2874554268266062,0,1.2548712455366635,329.3057874626507,0,1419.256878010688
v2p1,Bayes_Modeled,0.95,2021,NO2,MT,31,31,796697.3171503139,707579.0391422387,893782.6532415379,0.24820487207394204,0,1.1520939560147494,197.7216726708388,0,947.0213004532288
v2p1,Bayes_Modeled,0.95,2021,NO2,ST,29,29,795435.9556018622,721109.4555769025,873097.2126963369,0.2464669202781733,0,1.1665150856380566,195.8297120552439,0,940.144430884053
v2p1,Bayes_Modeled,0.95,2022,NO2,CT,38,36,1462443.9688438016,1325541.4414871098,1593128.1077909903,0.012971087600969934,0,0.05078422430923463,19.01363566252119,0,74.03568828234229
v2p1,Bayes_Modeled,0.95,2022,NO2,MT,41,40,1385406.053258105,1286741.9270388377,1488371.6801782083,0.010709850892630532,0,0.0459546077234356,14.839045426276959,0,62.656597543898584
v2p1,Bayes_Modeled,0.95,2022,NO2,ST,41,40,1419453.3688553572,1312319.219853946,1527603.973929048,0.010509499852043481,0,0.041871202259553306,14.913901894708292,0,59.65299960216684
v2p1,Bayes_Modeled,0.95,2023,NO2,CT,41,41,1708902.8435834912,1584097.2425678622,1844965.9404661981,0,0,0,0,0,0
v2p1,Bayes_Modeled,0.95,2023,NO2,MT,46,46,1787819.0373125088,1672934.3356046774,1910436.542213783,0,0,0,0,0,0
v2p1,Bayes_Modeled,0.95,2023,NO2,ST,41,41,1545580.4577305983,1446692.1930412469,1647844.0707116164,0,0,0,0,0,0
v2p1,Bayes_Modeled,0.95,2024,NO2,CT,32,32,1600465.8885206713,1451241.4671612307,1753677.254691104,0,0,0,0,0,0
v2p1,Bayes_Modeled,0.95,2024,NO2,MT,32,32,1600465.8885206713,1451241.4671612307,1753677.254691104,0,0,0,0,0,0
v2p1,Bayes_Modeled,0.95,2024,NO2,ST,32,32,1600465.8885206713,1451241.4671612307,1753677.254691104,0,0,0,0,0,0
v2p1,Bayes_Modeled,0.95,2025,NO2,CT,52,52,2032912.233742631,1832271.7586989612,2223295.8335318025,0.792495969894755,0.6774994788288652,0.913719464477195,1611.6744991701978,1341.800701413179,1933.322751296065
v2p1,Bayes_Modeled,0.95,2025,NO2,MT,52,52,1573502.4747153716,1455312.0123042637,1689386.3544655715,0.7654862658351345,0.6662965973431727,0.8581883281384809,1204.5074057591232,1038.4253458640364,1382.7276570087183
v2p1,Bayes_Modeled,0.95,2025,NO2,ST,52,52,1662527.2035949766,1533354.932831374,1793802.2510072985,0.7747812917107941,0.6827418814335577,0.8694864013867193,1288.116954348219,1104.68240219654,1486.1879355432868
v2p1,Bayes_Modeled,0.95,2011,OP,CT,12,12,446451.59217147174,378092.9116196983,517772.9348141127,0.15265340084726187,0.05207046550495746,0.2500413008758286,68.1485868048957,23.165285591053696,115.58672875412597
v2p1,Bayes_Modeled,0.95,2011,OP,MT,12,12,483403.0149288928,430401.88792301994,533906.731463671,0.08554405743801728,0.007152266801474112,0.18152559177755634,41.336625523035345,3.507419166651937,87.99204513969585
v2p1,Bayes_Modeled,0.95,2011,OP,ST,12,12,485583.89764131187,431231.95376228815,538306.329752052,0.08208514928904671,0.005927595258205472,0.17871776348383284,39.84212722033716,2.8142597273345413,87.12696991340357
v2p1,Bayes_Modeled,0.95,2012,OP,CT,16,16,596723.0951956059,506267.7586744473,691643.9004833978,0.1402778130414385,0.052498255743567715,0.24029632559502376,83.71248642838566,32.3039007682694,147.7292050816386
v2p1,Bayes_Modeled,0.95,2012,OP,MT,18,18,704417.6730358149,626637.3676787507,778813.5175217993,0.0969921592444487,0.01764994540456128,0.20869066435323194,68.42561361432708,12.505077705246961,150.45318607107185
v2p1,Bayes_Modeled,0.95,2012,OP,ST,16,16,642918.8214966661,575346.6019063252,706180.424473316,0.08770242634945974,0.01661262334239997,0.2005295012055347,56.447142787976986,10.699692695950903,129.98953297968464
v2p1,Bayes_Modeled,0.95,2013,OP,CT,14,14,552234.8996967906,497699.5046328152,606952.5049452058,0.009325159212634979,0,0.08183843503557192,5.145629398686841,0,43.513221153885326
v2p1,Bayes_Modeled,0.95,2013,OP,MT,14,14,554948.8870722456,499543.1266029607,609866.1812797955,0.010449975101925787,0,0.08924682691248179,5.803402420836538,0,49.381596949269365
v2p1,Bayes_Modeled,0.95,2013,OP,ST,14,14,554948.8870722456,499543.1266029607,609866.1812797955,0.008762815349285143,0,0.08035080349768309,4.861134485924212,0,42.840578253063164
v2p1,Bayes_Modeled,0.95,2014,OP,CT,19,19,745435.1196360395,667716.1987144959,819748.6664168057,0.13905488465946156,0.06595729839521161,0.2135496394706363,103.68583730562388,49.433828464251256,163.422589384116
v2p1,Bayes_Modeled,0.95,2014,OP,MT,12,12,479041.5219618308,426212.272486405,529695.3715468079,0.1373522585569719,0.05708287998041261,0.2241386895461642,65.8309581329632,27.37375710371918,109.19263759166407
v2p1,Bayes_Modeled,0.95,2014,OP,ST,19,18,759316.5397953768,675708.76688289,839374.9178988114,0.11913117666329888,0.04450982264464895,0.19531550317250526,90.4752657113228,33.72902671526062,152.1014267459651
v2p1,Bayes_Modeled,0.95,2015,OP,CT,14,12,515569.3058452989,443656.9074415448,591748.9166018006,0.09332792617502701,0.03798595736611498,0.15424480887378755,48.147272299947275,19.039695368565212,82.51520045992224
v2p1,Bayes_Modeled,0.95,2015,OP,MT,14,12,465123.808312737,426417.22726849816,504926.7796362379,0.07529614707221877,0.031283022680316165,0.12621862861835995,35.04115393797189,14.69722789056052,59.771202160209405
v2p1,Bayes_Modeled,0.95,2015,OP,ST,14,12,442925.7314620353,403060.59599062277,482607.2492325006,0.07353869512833204,0.030302202450764155,0.12527876164964713,32.58479512826456,13.184746565115336,55.81401268223982
v2p1,Bayes_Modeled,0.95,2016,OP,CT,4,4,107797.62879576921,76680.9788880031,135569.52200098542,0.03966234195707165,0,0.11696200367904015,4.357666313581221,0,13.49733727845633
v2p1,Bayes_Modeled,0.95,2016,OP,MT,4,4,89007.20071625577,57650.13588294908,116635.74513993142,0.06448293948223026,0,0.14993124714114198,5.80420649047662,0,14.157806898531756
v2p1,Bayes_Modeled,0.95,2016,OP,ST,4,4,87783.99687120927,56559.8452293367,115252.48534475925,0.058540425547551365,0,0.141659108449617,5.222724945635058,0,13.32681384673371
v2p1,Bayes_Modeled,0.95,2017,OP,CT,30,30,1113400.646638159,965684.8210432134,1263620.8128921357,0.01836066681773076,0,0.08289414802867485,20.57973964459012,0,95.95153207537984
v2p1,Bayes_Modeled,0.95,2017,OP,MT,24,24,703840.4124768301,632806.6219676812,775499.9215273319,0.026319411522194372,0,0.09324936897921311,18.548072997006706,0,66.3769283104717
v2p1,Bayes_Modeled,0.95,2017,OP,ST,28,28,783927.0679442706,694126.9892513904,872479.087330132,0.024187260466144098,0,0.09282375054147705,18.98783563372154,0,74.14419853474303
v2p1,Bayes_Modeled,0.95,2018,OP,CT,10,10,407915.0439159574,269436.2074146378,543214.1218099506,0.35777359030477074,0.16132691395955512,0.6248211218774853,147.36120395376383,58.29367784853589,291.243514190647
v2p1,Bayes_Modeled,0.95,2018,OP,MT,10,10,396511.2445874468,271527.05293210095,538701.8784837993,0.33618709110109574,0.1482255721223138,0.6011177186789345,134.5669586951458,55.53558171607267,272.35989555615265
v2p1,Bayes_Modeled,0.95,2018,OP,ST,10,10,393853.5627217554,269261.3244676018,535992.1038902043,0.32942604587239355,0.1461388230648198,0.5875449784135397,130.9913169063198,54.66939959283238,267.59749796563307
v2p1,Bayes_Modeled,0.95,2019,OP,CT,2,2,99742.41799288319,90418.61797829511,109225.98216899208,0.4056010072043665,0.21812772941275368,0.610914848359136,40.47385193190606,21.73770979877121,60.88857530855407
v2p1,Bayes_Modeled,0.95,2019,OP,MT,2,2,99742.41799288319,90418.61797829511,109225.98216899208,0.4144159290072927,0.2290252576330219,0.6170122019668451,41.35646685241758,22.664709822900733,61.86635223864356
v2p1,Bayes_Modeled,0.95,2019,OP,ST,2,2,99742.41799288319,90418.61797829511,109225.98216899208,0.4056010072043665,0.21812772941275368,0.610914848359136,40.47385193190606,21.73770979877121,60.88857530855407
v2p1,Bayes_Modeled,0.95,2020,OP,CT,20,20,806951.7912822809,717402.402649373,893516.8907210049,0.07877631806900284,0.0033209713387141754,0.19240048709064667,63.57449259277975,2.656540923856329,154.10440120022048
v2p1,Bayes_Modeled,0.95,2020,OP,MT,20,20,607619.697104817,551210.0535258434,663588.4924481383,0.1319854350915809,0.024274774148531263,0.24301812963160446,80.15100173409981,14.858350884530479,146.31463031906162
v2p1,Bayes_Modeled,0.95,2020,OP,ST,20,20,616464.5692435801,556931.7815961624,675832.5478645691,0.11910232335107293,0.015718313118494934,0.22990334338568352,73.37388254027888,9.340991064063317,141.65657739715732
v2p1,Bayes_Modeled,0.95,2021,OP,CT,31,31,1145119.8430902904,972876.8238447793,1325746.1714094873,0.16287569568481286,0.08483937622404686,0.24261557129785652,186.66779114841688,94.22808966635675,291.18483594093897
v2p1,Bayes_Modeled,0.95,2021,OP,MT,31,31,796697.3171503139,707579.0391422387,893782.6532415379,0.1908571576295375,0.10890153886591228,0.2680611838505599,152.04684285236868,85.93972233488898,215.33628888121717
v2p1,Bayes_Modeled,0.95,2021,OP,ST,29,29,795435.9556018622,721109.4555769025,873097.2126963369,0.18197342747322773,0.10657020823058411,0.2562174548677579,144.73989028025,85.61099282906281,207.36908178563883
v2p1,Bayes_Modeled,0.95,2022,OP,CT,38,36,1462443.9688438016,1325541.4414871098,1593128.1077909903,0.11384938342155204,0.05237511055411327,0.18266290498685334,166.63403731876338,74.062857609191,268.6153328702844
v2p1,Bayes_Modeled,0.95,2022,OP,MT,40,39,1353174.1874836457,1256737.2560718167,1453783.4417692586,0.14224762920188336,0.07891502289677566,0.20909884832706171,192.56269481929542,107.64527620110229,286.6444458173888
v2p1,Bayes_Modeled,0.95,2022,OP,ST,41,40,1419453.3688553572,1312319.219853946,1527603.973929048,0.1328700295972495,0.07142170894765727,0.19937610386168492,188.65717112890803,102.26816684954827,284.1316077549992
v2p1,Bayes_Modeled,0.95,2023,OP,CT,41,41,1708902.8435834912,1584097.2425678622,1844965.9404661981,0.1214128215345055,0.09425229096753303,0.14770700989688137,207.51919219654258,158.20586040137874,255.21812447709178
v2p1,Bayes_Modeled,0.95,2023,OP,MT,46,46,1787819.0373125088,1672934.3356046774,1910436.542213783,0.11317582472061102,0.08968600773595109,0.1368373930682673,202.33186643978232,157.49147763388578,247.60891837196664
v2p1,Bayes_Modeled,0.95,2023,OP,ST,41,41,1545580.4577305983,1446692.1930412469,1647844.0707116164,0.12635489809212985,0.1002980162648494,0.15365653303994845,195.2832038356732,153.13632149093993,239.17369738618328
v2p1,Bayes_Modeled,0.95,2024,OP,CT,32,32,1600465.8885206713,1451241.4671612307,1753677.254691104,0.4039580829195564,0.35260908156511317,0.44912268095540075,646.4308042178711,547.0950331275069,743.6187949277054
v2p1,Bayes_Modeled,0.95,2024,OP,MT,32,32,1600465.8885206713,1451241.4671612307,1753677.254691104,0.4056633743503309,0.35399374343206114,0.451367555945581,649.1605818967378,549.9900972535811,746.3542475872794
v2p1,Bayes_Modeled,0.95,2024,OP,ST,32,32,1600465.8885206713,1451241.4671612307,1753677.254691104,0.4048082999805327,0.35344713335956823,0.4500141583824686,647.7912621406745,547.7090278886493,745.0059329072081
v2p1,Bayes_Modeled,0.95,2025,OP,CT,52,52,2032912.233742631,1832271.7586989612,2223295.8335318025,0.13794347598025233,0.09124322846935656,0.1843648348621452,280.6499862756062,180.70118346514676,386.4326799563173
v2p1,Bayes_Modeled,0.95,2025,OP,MT,52,52,1573502.4747153716,1455312.0123042637,1689386.3544655715,0.1876190193041084,0.1490878938361188,0.22829612461890533,295.26153158498397,229.93263051684494,364.0325907534468
v2p1,Bayes_Modeled,0.95,2025,OP,ST,52,52,1662527.2035949766,1533354.932831374,1793802.2510072985,0.18711816839715673,0.1489130147000893,0.22681084438385196,311.09222262199467,244.51779630264343,379.89613124105085
v2p1,Bayes_Modeled,0.95,2011,Se,CT,12,12,446451.59217147174,378092.9116196983,517772.9348141127,0.007337074661835723,0.00527007323816254,0.00921477013705428,3.275859464943165,2.2601945101926795,4.343918424770923
v2p1,Bayes_Modeled,0.95,2011,Se,MT,12,12,483403.0149288928,430401.88792301994,533906.731463671,0.006833207671089796,0.004884291258254441,0.008721834131024096,3.303523224510169,2.3352121243374917,4.323195765355472
v2p1,Bayes_Modeled,0.95,2011,Se,ST,12,12,485583.89764131187,431231.95376228815,538306.329752052,0.0068034738612986635,0.004836508270523525,0.008704820248415826,3.303975454346399,2.3311230068973394,4.334323598080596
v2p1,Bayes_Modeled,0.95,2012,Se,CT,16,16,596723.0951956059,506267.7586744473,691643.9004833978,0.006690093393944237,0.00465220867547452,0.00838688312901573,3.9916378633381404,2.701363569003514,5.254949352575059
v2p1,Bayes_Modeled,0.95,2012,Se,MT,18,18,704417.6730358149,626637.3676787507,778813.5175217993,0.0062556630963045215,0.004319954708742859,0.008111572912943475,4.408104673098184,2.924994124369727,5.799872309469537
v2p1,Bayes_Modeled,0.95,2012,Se,ST,16,16,642918.8214966661,575346.6019063252,706180.424473316,0.006236530272411765,0.0043355925182526,0.008022919526446017,4.0102211095636955,2.7086473450786057,5.234390609306729
v2p1,Bayes_Modeled,0.95,2013,Se,CT,14,14,552234.8996967906,497699.5046328152,606952.5049452058,0.006443420378811119,0.003830288063855802,0.009383615769823193,3.560229317091855,2.103362102403808,5.203496433354744
v2p1,Bayes_Modeled,0.95,2013,Se,MT,14,14,554948.8870722456,499543.1266029607,609866.1812797955,0.0064068410881424585,0.0038363890793681145,0.009327827852959769,3.557472554933005,2.12426736106765,5.18380645364641
v2p1,Bayes_Modeled,0.95,2013,Se,ST,14,14,554948.8870722456,499543.1266029607,609866.1812797955,0.0064116944525491205,0.003802143593337997,0.009355876477416666,3.5601040001276076,2.095820561311166,5.198717593702174
v2p1,Bayes_Modeled,0.95,2014,Se,CT,19,19,745435.1196360395,667716.1987144959,819748.6664168057,0.007075547873127811,0.005257258494665297,0.00874183950418301,5.276140578196979,3.9081910598958025,6.650071111771577
v2p1,Bayes_Modeled,0.95,2014,Se,MT,8,8,321429.8729498313,285946.59237102594,355102.7264967804,0.006811263735182845,0.005064876322125099,0.008627337562116491,2.190279054300221,1.611011679516318,2.8261446217214132
v2p1,Bayes_Modeled,0.95,2014,Se,ST,19,18,759316.5397953768,675708.76688289,839374.9178988114,0.006616082533461227,0.004884979266262827,0.008269100530562852,5.025648540915738,3.682513776310394,6.46920278522432
v2p1,Bayes_Modeled,0.95,2015,Se,CT,14,12,515569.3058452989,443656.9074415448,591748.9166018006,0.006146172629729233,0.0044766163586226785,0.007368633916703818,3.1694218844926154,2.282061921725132,4.032156068624557
v2p1,Bayes_Modeled,0.95,2015,Se,MT,14,12,465123.808312737,426417.22726849816,504926.7796362379,0.0054123305032132115,0.0039264110565325056,0.006576104992579757,2.517795891410974,1.8172649818390143,3.1555579658012705
v2p1,Bayes_Modeled,0.95,2015,Se,ST,14,12,442925.7314620353,403060.59599062277,482607.2492325006,0.005310170709442444,0.0037672317702639882,0.006495807540346416,2.352241571277319,1.6508040900160474,2.955408052611831
v2p1,Bayes_Modeled,0.95,2016,Se,CT,4,4,107797.62879576921,76680.9788880031,135569.52200098542,0.006093920129433499,0.003202108293899896,0.008602452035474174,0.6599514755932191,0.30295125429797565,1.0261201754392593
v2p1,Bayes_Modeled,0.95,2016,Se,MT,4,4,89007.20071625577,57650.13588294908,116635.74513993142,0.00573861036000509,0.0029578612572219716,0.008214235583520827,0.513845385262253,0.2090238785660018,0.8347143624964732
v2p1,Bayes_Modeled,0.95,2016,Se,ST,4,4,87783.99687120927,56559.8452293367,115252.48534475925,0.0057331396098183095,0.0028675640025347523,0.00823808328488939,0.5062267177440863,0.20962576875050956,0.8258577408912258
v2p1,Bayes_Modeled,0.95,2017,Se,CT,30,30,1113400.646638159,965684.8210432134,1263620.8128921357,0.006780973417283438,0.0041997467926771365,0.009413507916273683,7.556248650423507,4.499772248448396,10.794110491756632
v2p1,Bayes_Modeled,0.95,2017,Se,MT,24,24,703840.4124768301,632806.6219676812,775499.9215273319,0.005869215306554475,0.003258523010548723,0.008570531563384047,4.133603795243012,2.22267264637291,6.043009880325813
v2p1,Bayes_Modeled,0.95,2017,Se,ST,28,28,783927.0679442706,694126.9892513904,872479.087330132,0.005790196607975947,0.003188647542155549,0.008438975920045385,4.541722287033593,2.351259467814093,6.689683763837868
v2p1,Bayes_Modeled,0.95,2018,Se,CT,10,10,407915.0439159574,269436.2074146378,543214.1218099506,0.0073266079691582595,0.0048905719432417154,0.009469131233560744,3.008601937431528,1.6146828436910243,4.806408392130379
v2p1,Bayes_Modeled,0.95,2018,Se,MT,10,10,396511.2445874468,271527.05293210095,538701.8784837993,0.0067699592262344555,0.004430372649997321,0.00886174233722102,2.7036627424603834,1.4246344317078603,4.375751076984306
v2p1,Bayes_Modeled,0.95,2018,Se,ST,10,10,393853.5627217554,269261.3244676018,535992.1038902043,0.006759250569687029,0.004411434937398826,0.008852167804520762,2.6814734452044973,1.4245207221395546,4.351328433106885
v2p1,Bayes_Modeled,0.95,2019,Se,CT,2,2,99742.41799288319,90418.61797829511,109225.98216899208,0.007422792509165383,0.0047919323428390025,0.009750234796319679,0.7405284882923954,0.4726226911032197,0.9987907196431569
v2p1,Bayes_Modeled,0.95,2019,Se,MT,2,2,99742.41799288319,90418.61797829511,109225.98216899208,0.007417939144758721,0.004790100214205208,0.009716718543855103,0.7400422890191818,0.47605513131598926,1.0069610665320903
v2p1,Bayes_Modeled,0.95,2019,Se,ST,2,2,99742.41799288319,90418.61797829511,109225.98216899208,0.007422792509165383,0.0047919323428390025,0.009750234796319679,0.7405284882923954,0.4726226911032197,0.9987907196431569
v2p1,Bayes_Modeled,0.95,2020,Se,CT,20,20,806951.7912822809,717402.402649373,893516.8907210049,0.006513607431886338,0.005942534072720096,0.007126623004379534,5.257388178556231,4.527733466718056,6.055665935214503
v2p1,Bayes_Modeled,0.95,2020,Se,MT,20,20,607619.697104817,551210.0535258434,663588.4924481383,0.005902452372017507,0.005408816255595247,0.006425198210134068,3.5868249511180617,3.1530145157187794,4.078528061004918
v2p1,Bayes_Modeled,0.95,2020,Se,ST,20,20,616464.5692435801,556931.7815961624,675832.5478645691,0.005897082563535975,0.005384527983718914,0.006391501984754433,3.63551868459121,3.1761232388907343,4.103616064943899
v2p1,Bayes_Modeled,0.95,2021,Se,CT,31,31,1145119.8430902904,972876.8238447793,1325746.1714094873,0.0074239171753899165,0.006899509926183745,0.007963742555108557,8.501855084941056,7.100138435086271,9.98107693213627
v2p1,Bayes_Modeled,0.95,2021,Se,MT,31,31,796697.3171503139,707579.0391422387,893782.6532415379,0.006215437197874744,0.005833818434948816,0.006593641333170072,4.951961020749325,4.311716369923257,5.6324703813781865
v2p1,Bayes_Modeled,0.95,2021,Se,ST,29,29,795435.9556018622,721109.4555769025,873097.2126963369,0.006405840253829288,0.006055850357275664,0.006766183997740998,5.095241809393401,4.547664273035613,5.653996081007751
v2p1,Bayes_Modeled,0.95,2022,Se,CT,38,36,1462443.9688438016,1325541.4414871098,1593128.1077909903,0.006452625901802712,0.0061073934925023115,0.006814726267158476,9.437132519195595,8.420332038757708,10.518648145640142
v2p1,Bayes_Modeled,0.95,2022,Se,MT,41,40,1385406.053258105,1286741.9270388377,1488371.6801782083,0.006273818596675945,0.005946463392701957,0.006617106136412489,8.692127382878255,7.905583246689648,9.52683125421632
v2p1,Bayes_Modeled,0.95,2022,Se,ST,41,40,1419453.3688553572,1312319.219853946,1527603.973929048,0.006352897016653899,0.006045064884555117,0.00665705141047799,9.017630627041482,8.216480903620592,9.86827473519261
v2p1,Bayes_Modeled,0.95,2023,Se,CT,41,41,1708902.8435834912,1584097.2425678622,1844965.9404661981,0.0068866577278799915,0.0044618866799510225,0.00910331795320454,11.768573975065394,7.385693026530975,15.63943099425098
v2p1,Bayes_Modeled,0.95,2023,Se,MT,46,46,1787819.0373125088,1672934.3356046774,1910436.542213783,0.006631432986536874,0.004177278405024913,0.008859905194421886,11.85652699805581,7.338422388756154,15.784381348758977
v2p1,Bayes_Modeled,0.95,2023,Se,ST,41,41,1545580.4577305983,1446692.1930412469,1647844.0707116164,0.006484383516814716,0.0039843626260586615,0.008695998624594723,10.023388962703297,6.1537308839539175,13.463921604013382
v2p1,Bayes_Modeled,0.95,2024,Se,CT,32,32,1600465.8885206713,1451241.4671612307,1753677.254691104,0.006956814029796975,0.004064920671107033,0.009620673210609892,11.133693547031337,6.418928776867926,15.626862067509245
v2p1,Bayes_Modeled,0.95,2024,Se,MT,32,32,1600465.8885206713,1451241.4671612307,1753677.254691104,0.006975190245817115,0.00408562105627313,0.009642156535127715,11.163107627472849,6.462945371047855,15.660453496178551
v2p1,Bayes_Modeled,0.95,2024,Se,ST,32,32,1600465.8885206713,1451241.4671612307,1753677.254691104,0.006960946734201401,0.004070201668331154,0.009623445187602936,11.140314099574287,6.426158297409552,15.635250724940565
v2p1,Bayes_Modeled,0.95,2025,Se,CT,52,52,2032912.233742631,1832271.7586989612,2223295.8335318025,0.006586963274342056,0.0042368247553166115,0.00854256023924644,13.391794687739736,8.686476050207965,17.47127918975992
v2p1,Bayes_Modeled,0.95,2025,Se,MT,52,52,1573502.4747153716,1455312.0123042637,1689386.3544655715,0.006082484322277898,0.003827555445885546,0.008038481306676322,9.571317748497691,6.082551074614329,12.641736429914449
v2p1,Bayes_Modeled,0.95,2025,Se,ST,52,52,1662527.2035949766,1533354.932831374,1793802.2510072985,0.00629666680967594,0.0040596327717828656,0.008253293741483765,10.468280844559976,6.68741079838601,13.805331692468885
v2p1,Bayes_Modeled,0.95,2011,TDS,CT,12,12,446451.59217147174,378092.9116196983,517772.9348141127,919.2566311148568,662.8191526831965,1187.236909900128,410768.7193887637,280214.4873927452,559656.2424108814
v2p1,Bayes_Modeled,0.95,2011,TDS,MT,12,12,483403.0149288928,430401.88792301994,533906.731463671,952.4594517256808,680.6069116084998,1202.2407049591247,460756.2598117661,320402.4486629795,607091.4819121377
v2p1,Bayes_Modeled,0.95,2011,TDS,ST,12,12,485583.89764131187,431231.95376228815,538306.329752052,954.4191176387177,678.0018027018189,1203.785517266806,463794.99150409474,322894.74785600544,610282.3209812948
v2p1,Bayes_Modeled,0.95,2012,TDS,CT,16,16,596723.0951956059,506267.7586744473,691643.9004833978,936.482833855706,707.832870366821,1184.8436899666528,559159.6942721417,400128.7489972684,750115.2625384652
v2p1,Bayes_Modeled,0.95,2012,TDS,MT,18,18,704417.6730358149,626637.3676787507,778813.5175217993,957.6517991604802,708.4403743375058,1206.304859016142,675084.6808174914,492194.0788365931,880811.6710656447
v2p1,Bayes_Modeled,0.95,2012,TDS,ST,16,16,642918.8214966661,575346.6019063252,706180.424473316,968.3929761405553,731.7498403667062,1207.6773181349215,622981.9776282047,455033.6727329409,796887.5407224954
v2p1,Bayes_Modeled,0.95,2013,TDS,CT,14,14,552234.8996967906,497699.5046328152,606952.5049452058,942.3172027252673,702.4618092093718,1194.2521054052668,520381.1624852307,389839.30672759726,670536.8924407761
v2p1,Bayes_Modeled,0.95,2013,TDS,MT,14,14,554948.8870722456,499543.1266029607,609866.1812797955,944.6002956633712,704.8173375515047,1198.964429206892,524211.868963123,389660.6217330528,683425.1186456449
v2p1,Bayes_Modeled,0.95,2013,TDS,ST,14,14,554948.8870722456,499543.1266029607,609866.1812797955,944.4101030396284,705.1182525477836,1197.4187212901775,524099.1262314696,391022.1374680772,676173.3673703292
v2p1,Bayes_Modeled,0.95,2014,TDS,CT,19,19,745435.1196360395,667716.1987144959,819748.6664168057,909.5199510363375,708.3037405999007,1114.6041257317383,678288.5840233492,517281.6745183136,844856.5699393621
v2p1,Bayes_Modeled,0.95,2014,TDS,MT,8,8,321429.8729498313,285946.59237102594,355102.7264967804,925.5617009882646,720.106134656638,1146.4195920347142,297660.41278153163,225190.84964328478,377697.72022826975
v2p1,Bayes_Modeled,0.95,2014,TDS,ST,19,18,759316.5397953768,675708.76688289,839374.9178988114,868.0610448759397,668.961055410303,1067.8644551040588,659474.4999226228,499326.17150096205,828307.8876933437
v2p1,Bayes_Modeled,0.95,2015,TDS,CT,14,12,515569.3058452989,443656.9074415448,591748.9166018006,765.5836053965143,586.4846557268991,937.3061542835151,394921.4383018632,288779.4311365958,508202.02116186084
v2p1,Bayes_Modeled,0.95,2015,TDS,MT,14,12,465123.808312737,426417.22726849816,504926.7796362379,790.8139863089167,620.8453386289643,956.549759195324,367966.06398516585,281626.24044986814,454448.7861439545
v2p1,Bayes_Modeled,0.95,2015,TDS,ST,14,12,442925.7314620353,403060.59599062277,482607.2492325006,791.4312703512179,617.9894168906376,956.1892976979025,350673.26600601187,265349.69323177205,432886.3456936348
v2p1,Bayes_Modeled,0.95,2016,TDS,CT,4,4,107797.62879576921,76680.9788880031,135569.52200098542,811.2981801835621,546.3528623311597,1040.9300078032,88001.19645580459,48513.00325755267,128961.53994550562
v2p1,Bayes_Modeled,0.95,2016,TDS,MT,4,4,89007.20071625577,57650.13588294908,116635.74513993142,814.3315885440703,559.3910551116217,1050.414498175676,73028.32497998871,38169.5409661811,112276.15670754532
v2p1,Bayes_Modeled,0.95,2016,TDS,ST,4,4,87783.99687120927,56559.8452293367,115252.48534475925,813.7451319859929,554.4631302075989,1044.4619077831417,71967.89582288932,36797.598381522606,109235.7188756107
v2p1,Bayes_Modeled,0.95,2017,TDS,CT,30,30,1113400.646638159,965684.8210432134,1263620.8128921357,894.108454061527,668.5990819386502,1097.741321021329,996046.9262609599,706155.9248584902,1302441.548439504
v2p1,Bayes_Modeled,0.95,2017,TDS,MT,24,24,703840.4124768301,632806.6219676812,775499.9215273319,914.678406818643,692.8030423193519,1131.6625758771781,643946.9122130073,476801.2808650397,812745.1953921042
v2p1,Bayes_Modeled,0.95,2017,TDS,ST,28,28,783927.0679442706,694126.9892513904,872479.087330132,913.3124551786302,688.9995636178523,1120.0305385806628,716177.9658690618,529116.6161155286,909170.2645707781
v2p1,Bayes_Modeled,0.95,2018,TDS,CT,10,10,407915.0439159574,269436.2074146378,543214.1218099506,932.3809867804405,695.9306448154114,1190.3415546383699,383745.92102972016,215576.4718438633,611540.8889574022
v2p1,Bayes_Modeled,0.95,2018,TDS,MT,10,10,396511.2445874468,271527.05293210095,538701.8784837993,955.913417457134,734.2970003863859,1218.9424319686836,382245.4405937632,218010.87401603884,601931.0939764526
v2p1,Bayes_Modeled,0.95,2018,TDS,ST,10,10,393853.5627217554,269261.3244676018,535992.1038902043,955.8739487533129,738.1420848603368,1209.0248720306547,379671.2348504599,212990.69980435685,604345.1337900561
v2p1,Bayes_Modeled,0.95,2019,TDS,CT,2,2,99742.41799288319,90418.61797829511,109225.98216899208,994.4647081918549,801.8298696641164,1196.7431460505468,99189.1640334663,79642.60141286028,122779.67704670485
v2p1,Bayes_Modeled,0.95,2019,TDS,MT,2,2,99742.41799288319,90418.61797829511,109225.98216899208,994.6549008155977,806.3047673004926,1202.9461236935003,99206.50665563745,80009.34137942252,122227.08201024384
v2p1,Bayes_Modeled,0.95,2019,TDS,ST,2,2,99742.41799288319,90418.61797829511,109225.98216899208,994.4647081918549,801.8298696641164,1196.7431460505468,99189.1640334663,79642.60141286028,122779.67704670485
v2p1,Bayes_Modeled,0.95,2020,TDS,CT,20,20,806951.7912822809,717402.402649373,893516.8907210049,933.0157147605798,743.9879807360262,1124.1164461338462,753261.8161218833,576039.7658010412,939144.9522242513
v2p1,Bayes_Modeled,0.95,2020,TDS,MT,20,20,607619.697104817,551210.0535258434,663588.4924481383,930.8133220587937,740.4040391394549,1122.386338667207,565759.3907174479,438573.6165295522,693915.569876198
v2p1,Bayes_Modeled,0.95,2020,TDS,ST,20,20,616464.5692435801,556931.7815961624,675832.5478645691,932.5493986696564,734.5325663919025,1121.9263901124482,575088.2724001595,446166.6077947331,704455.6695247197
v2p1,Bayes_Modeled,0.95,2021,TDS,CT,31,31,1145119.8430902904,972876.8238447793,1325746.1714094873,920.1512088806154,738.2979680601213,1111.58356540954,1053949.004383927,796435.404219917,1353092.1178662148
v2p1,Bayes_Modeled,0.95,2021,TDS,MT,31,31,796697.3171503139,707579.0391422387,893782.6532415379,943.1870280954646,758.4792432472632,1137.7374013248918,751549.9841828338,577700.5343701695,932352.1307073382
v2p1,Bayes_Modeled,0.95,2021,TDS,ST,29,29,795435.9556018622,721109.4555769025,873097.2126963369,941.0454942392188,760.3573442553029,1124.5561405681588,748633.3578268861,587071.825131498,915413.2424913394
v2p1,Bayes_Modeled,0.95,2022,TDS,CT,38,36,1462443.9688438016,1325541.4414871098,1593128.1077909903,886.9107234649967,723.7750454817595,1056.806950296765,1297407.391165698,1035826.9592907506,1567279.3178075997
v2p1,Bayes_Modeled,0.95,2022,TDS,MT,41,40,1385406.053258105,1286741.9270388377,1488371.6801782083,912.5388016910538,741.0714822857841,1095.845188258129,1264547.8344977796,1013536.4091930822,1514040.9298742781
v2p1,Bayes_Modeled,0.95,2022,TDS,ST,41,40,1419453.3688553572,1312319.219853946,1527603.973929048,912.119469513207,741.9765756535617,1083.8824499096168,1295019.75287451,1038644.7517071617,1551328.8659470198
v2p1,Bayes_Modeled,0.95,2023,TDS,CT,41,41,1708902.8435834912,1584097.2425678622,1844965.9404661981,1150.0634850130716,1121.814508331291,1179.4968425452048,1965412.292345629,1810553.5840025735,2134706.808345018
v2p1,Bayes_Modeled,0.95,2023,TDS,MT,46,46,1787819.0373125088,1672934.3356046774,1910436.542213783,1143.8384388956063,1122.5664698029345,1166.3647160890555,2045012.7380728077,1907041.2910006219,2194799.6031367006
v2p1,Bayes_Modeled,0.95,2023,TDS,ST,41,41,1545580.4577305983,1446692.1930412469,1647844.0707116164,1161.2787921063803,1137.1128850179261,1186.4545349614627,1794878.752817315,1674101.9691541677,1922032.8923183165
v2p1,Bayes_Modeled,0.95,2024,TDS,CT,32,32,1600465.8885206713,1451241.4671612307,1753677.254691104,1112.1045205159728,1083.6375995850672,1141.341262474651,1779952.9563440278,1602041.42005641,1963427.5571126908
v2p1,Bayes_Modeled,0.95,2024,TDS,MT,32,32,1600465.8885206713,1451241.4671612307,1753677.254691104,1112.6360314444662,1085.1039271323189,1141.8891797346791,1780803.33248087,1604468.547594132,1964060.6740609135
v2p1,Bayes_Modeled,0.95,2024,TDS,ST,32,32,1600465.8885206713,1451241.4671612307,1753677.254691104,1112.1393650873508,1083.814756693557,1141.3966838494334,1780008.703891964,1601968.3637773367,1962394.4333839095
v2p1,Bayes_Modeled,0.95,2025,TDS,CT,52,52,2032912.233742631,1832271.7586989612,2223295.8335318025,694.3951667880974,665.0303390634233,723.6152184362327,1411819.5090359861,1258873.4969048165,1568754.2109212535
v2p1,Bayes_Modeled,0.95,2025,TDS,MT,52,52,1573502.4747153716,1455312.0123042637,1689386.3544655715,691.3435908442475,665.110592301445,718.574582515214,1087903.4639454284,993473.4949178118,1181686.8956637532
v2p1,Bayes_Modeled,0.95,2025,TDS,ST,52,52,1662527.2035949766,1533354.932831374,1793802.2510072985,686.417776686082,660.3771764102163,711.1667001151083,1141247.5458820593,1040415.3660076808,1242469.7386139033
v2p1,Bayes_Modeled,0.95,2011,TKN,CT,12,12,446451.59217147174,378092.9116196983,517772.9348141127,3.628472215069752,0.7668098957260399,6.376080002099104,1621.6285296893368,353.62223973311575,2866.4915703007505
v2p1,Bayes_Modeled,0.95,2011,TKN,MT,12,12,483403.0149288928,430401.88792301994,533906.731463671,2.4622784519453167,0.1249034839276498,5.1347837829295475,1189.99121577842,62.322315546607754,2512.2640776790818
v2p1,Bayes_Modeled,0.95,2011,TKN,ST,12,12,485583.89764131187,431231.95376228815,538306.329752052,2.3960949665427815,0.10771027053561649,5.078510363039104,1163.137813873858,53.30119343623788,2488.262533263821
v2p1,Bayes_Modeled,0.95,2012,TKN,CT,16,16,596723.0951956059,506267.7586744473,691643.9004833978,3.279396024094571,1.1377746125603614,5.4045843212105265,1960.155391447149,666.7386859716421,3361.0391824718063
v2p1,Bayes_Modeled,0.95,2012,TKN,MT,18,18,704417.6730358149,626637.3676787507,778813.5175217993,2.2673968090782424,0.4589592432125549,4.369054674899209,1599.8950644133618,324.41916599014564,3109.0250648698348
v2p1,Bayes_Modeled,0.95,2012,TKN,ST,16,16,642918.8214966661,575346.6019063252,706180.424473316,2.2294604098948985,0.4472024963217063,4.31926713829955,1435.507998796473,278.83871175438793,2824.5087648114204
v2p1,Bayes_Modeled,0.95,2013,TKN,CT,14,14,552234.8996967906,497699.5046328152,606952.5049452058,3.5540143053147024,2.5144122203773946,4.570419375274619,1963.3723018918708,1375.7584750170126,2598.282117609776
v2p1,Bayes_Modeled,0.95,2013,TKN,MT,14,14,554948.8870722456,499543.1266029607,609866.1812797955,3.4850994069779517,2.406651102157809,4.558482299098257,1934.7442748091232,1324.0855321793438,2593.11547457902
v2p1,Bayes_Modeled,0.95,2013,TKN,ST,14,14,554948.8870722456,499543.1266029607,609866.1812797955,3.4779821024280797,2.4302008730824856,4.502523126152812,1930.8621131978107,1344.846022197803,2571.29464167777
v2p1,Bayes_Modeled,0.95,2014,TKN,CT,19,19,745435.1196360395,667716.1987144959,819748.6664168057,3.552470740678689,2.4446947037086586,4.683207203921928,2649.7253934119644,1781.3862062000576,3524.346166561717
v2p1,Bayes_Modeled,0.95,2014,TKN,MT,8,8,321429.8729498313,285946.59237102594,355102.7264967804,2.9849340915803944,1.8002868384433361,4.134623586269546,960.2886049741961,567.3747573193631,1356.9549232207992
v2p1,Bayes_Modeled,0.95,2014,TKN,ST,19,18,759316.5397953768,675708.76688289,839374.9178988114,3.1388219541677294,2.050380851965402,4.202917365434573,2384.985827697887,1534.3700823920863,3261.4593152987
v2p1,Bayes_Modeled,0.95,2015,TKN,CT,14,12,515569.3058452989,443656.9074415448,591748.9166018006,1.7231161451862897,1.1172592101080485,2.349832328199536,889.1443222004025,552.4256493581985,1250.778799306726
v2p1,Bayes_Modeled,0.95,2015,TKN,MT,14,12,465123.808312737,426417.22726849816,504926.7796362379,0.7594878796359332,0.29875843189151863,1.2662800539999814,353.4046158974094,141.32409691004875,588.516975270594
v2p1,Bayes_Modeled,0.95,2015,TKN,ST,14,12,442925.7314620353,403060.59599062277,482607.2492325006,0.7054720689005026,0.265929575453292,1.187343467495624,312.5560610261584,121.25011143798682,520.2345897798014
v2p1,Bayes_Modeled,0.95,2016,TKN,CT,4,4,107797.62879576921,76680.9788880031,135569.52200098542,0.6399492792267159,0.014395133100681072,1.4004349085973171,70.20749354986758,1.4314125420199595,165.19199814156428
v2p1,Bayes_Modeled,0.95,2016,TKN,MT,4,4,89007.20071625577,57650.13588294908,116635.74513993142,0.5032227864343822,0,1.273567391498796,45.876891897283855,0,126.182316877805
v2p1,Bayes_Modeled,0.95,2016,TKN,ST,4,4,87783.99687120927,56559.8452293367,115252.48534475925,0.5049100854097084,0,1.2542094464867157,45.40051585082193,0,122.76499372791706
v2p1,Bayes_Modeled,0.95,2017,TKN,CT,30,30,1113400.646638159,965684.8210432134,1263620.8128921357,2.082690768514217,1.4921304309660388,2.7036744617163455,2321.5944559083086,1599.799458135743,3115.584977074832
v2p1,Bayes_Modeled,0.95,2017,TKN,MT,24,24,703840.4124768301,632806.6219676812,775499.9215273319,1.2071352010835952,0.7351175658625289,1.744982993424665,850.1260975116458,503.96737368128953,1255.7470325926565
v2p1,Bayes_Modeled,0.95,2017,TKN,ST,28,28,783927.0679442706,694126.9892513904,872479.087330132,1.2172727628817661,0.7426992045923407,1.7195751231787253,955.1103230313339,575.3067854122896,1387.3672758458306
v2p1,Bayes_Modeled,0.95,2018,TKN,CT,10,10,407915.0439159574,269436.2074146378,543214.1218099506,3.5787170953716143,1.2801354426907903,5.79981281299743,1485.1921409360486,428.6911687205186,2912.0020565593204
v2p1,Bayes_Modeled,0.95,2018,TKN,MT,10,10,396511.2445874468,271527.05293210095,538701.8784837993,2.726014287978133,0.6737395333463995,4.980412341948232,1105.18729474896,250.321305044934,2367.957982022167
v2p1,Bayes_Modeled,0.95,2018,TKN,ST,10,10,393853.5627217554,269261.3244676018,535992.1038902043,2.7147151061592454,0.691656225681677,4.951325515628289,1093.421382359256,234.82246426479384,2340.857710346412
v2p1,Bayes_Modeled,0.95,2019,TKN,CT,2,2,99742.41799288319,90418.61797829511,109225.98216899208,3.3659502702574264,1.2698698552235843,5.386047433033669,336.0785423404609,124.86509878492772,540.2327670722909
v2p1,Bayes_Modeled,0.95,2019,TKN,MT,2,2,99742.41799288319,90418.61797829511,109225.98216899208,3.373030733212299,1.2115688909940956,5.400223588551995,336.8111350984733,120.16564254727847,547.1618084449852
v2p1,Bayes_Modeled,0.95,2019,TKN,ST,2,2,99742.41799288319,90418.61797829511,109225.98216899208,3.3659502702574264,1.2698698552235843,5.386047433033669,336.0785423404609,124.86509878492772,540.2327670722909
v2p1,Bayes_Modeled,0.95,2020,TKN,CT,20,20,806951.7912822809,717402.402649373,893516.8907210049,1.299695808426078,0.8173823944426963,1.9006861679143983,1049.7684742966867,640.0297484308023,1576.2307818380355
v2p1,Bayes_Modeled,0.95,2020,TKN,MT,20,20,607619.697104817,551210.0535258434,663588.4924481383,1.2323140584597752,0.7715347250075595,1.7801162490599656,749.0166864822197,464.72356890898743,1088.6231542381997
v2p1,Bayes_Modeled,0.95,2020,TKN,ST,20,20,616464.5692435801,556931.7815961624,675832.5478645691,1.1739376239988197,0.7497880324727928,1.6836636630432804,723.8438120703446,461.1170201799242,1050.3109112780203
v2p1,Bayes_Modeled,0.95,2021,TKN,CT,31,31,1145119.8430902904,972876.8238447793,1325746.1714094873,2.8453822536716507,2.2930504317737554,3.366231379579383,3259.49845962839,2493.580953397268,4121.918186584566
v2p1,Bayes_Modeled,0.95,2021,TKN,MT,31,31,796697.3171503139,707579.0391422387,893782.6532415379,1.800359529206427,1.3196075600635644,2.2436073199985405,1434.516395155959,1039.149630556612,1853.318918322527
v2p1,Bayes_Modeled,0.95,2021,TKN,ST,29,29,795435.9556018622,721109.4555769025,873097.2126963369,1.9222463837511747,1.5055619914642255,2.356201000668455,1529.0655459846116,1163.7428316708838,1900.091656446742
v2p1,Bayes_Modeled,0.95,2022,TKN,CT,38,36,1462443.9688438016,1325541.4414871098,1593128.1077909903,1.062100854615621,0.7051759635514853,1.4478644017106548,1554.379511851515,1008.7239544511019,2191.6347319030397
v2p1,Bayes_Modeled,0.95,2022,TKN,MT,41,40,1385406.053258105,1286741.9270388377,1488371.6801782083,0.9109525609552278,0.5342113695575847,1.3139994784398532,1262.8559061522085,748.0305403271988,1850.2069406338182
v2p1,Bayes_Modeled,0.95,2022,TKN,ST,41,40,1419453.3688553572,1312319.219853946,1527603.973929048,0.941443999697442,0.6009682591057395,1.3267421651391178,1337.053736523826,837.5623033463739,1894.5779497369647
v2p1,Bayes_Modeled,0.95,2023,TKN,CT,41,41,1708902.8435834912,1584097.2425678622,1844965.9404661981,2.364387536255545,2.0337766452923502,2.6861643952122725,4041.5244542002783,3364.0338802534875,4711.070122646739
v2p1,Bayes_Modeled,0.95,2023,TKN,MT,46,46,1787819.0373125088,1672934.3356046774,1910436.542213783,2.151097776186095,1.8484570422714952,2.440943991655934,3846.448695134733,3248.408091377098,4454.161260779087
v2p1,Bayes_Modeled,0.95,2023,TKN,ST,41,41,1545580.4577305983,1446692.1930412469,1647844.0707116164,2.0741047558557586,1.7631265307476163,2.390666940740936,3206.1796061350824,2672.123450804069,3740.154046306857
v2p1,Bayes_Modeled,0.95,2024,TKN,CT,32,32,1600465.8885206713,1451241.4671612307,1753677.254691104,1.161682388685863,0.7892325184053408,1.5425101814004205,1859.7902856353865,1253.9969676067485,2512.728744655559
v2p1,Bayes_Modeled,0.95,2024,TKN,MT,32,32,1600465.8885206713,1451241.4671612307,1753677.254691104,1.1940636739334423,0.8185543123575443,1.578297778087019,1911.6259473719,1298.0771553326588,2570.1803198194502
v2p1,Bayes_Modeled,0.95,2024,TKN,ST,32,32,1600465.8885206713,1451241.4671612307,1753677.254691104,1.1633940088649033,0.7901693614736137,1.547027338131321,1862.5289450051728,1255.640859755526,2520.6549365038854
v2p1,Bayes_Modeled,0.95,2025,TKN,CT,52,52,2032912.233742631,1832271.7586989612,2223295.8335318025,0.09793212333652601,0.027735875895273515,0.19222209366434764,199.4533321852293,56.24548078525976,398.443287219996
v2p1,Bayes_Modeled,0.95,2025,TKN,MT,52,52,1573502.4747153716,1455312.0123042637,1689386.3544655715,0.09091209928142101,0.02340526074974958,0.18165077222949033,143.17600896474414,37.25379370429255,286.65945577402977
v2p1,Bayes_Modeled,0.95,2025,TKN,ST,52,52,1662527.2035949766,1533354.932831374,1793802.2510072985,0.13429686427656676,0.05202615024160605,0.24628881497594807,223.38278723472934,84.16676126135658,409.33069340673416
v2p1,Bayes_Modeled,0.95,2011,TN,CT,12,12,446451.59217147174,378092.9116196983,517772.9348141127,6.555543318574231,4.905801347695069,8.378259904228631,2934.4527325036656,2050.426046285782,4072.0309876960937
v2p1,Bayes_Modeled,0.95,2011,TN,MT,12,12,483403.0149288928,430401.88792301994,533906.731463671,7.045693649131011,4.918314279125747,9.268461696262584,3411.3883392203243,2338.862583303735,4632.488621687478
v2p1,Bayes_Modeled,0.95,2011,TN,ST,12,12,485583.89764131187,431231.95376228815,538306.329752052,7.074637147035496,4.913531349637298,9.348911204047631,3440.975921259087,2322.9557139123185,4685.760471855965
v2p1,Bayes_Modeled,0.95,2012,TN,CT,18,18,650210.2317703817,546823.0553465822,756168.7112348197,3.7229702467418053,1.8716792058441882,5.707899141486074,2432.6545112645977,1156.1829115817677,3951.8948072590256
v2p1,Bayes_Modeled,0.95,2012,TN,MT,18,18,704417.6730358149,626637.3676787507,778813.5175217993,4.23112539384502,1.7652061486570712,6.79122951875475,2988.5541538045036,1229.3427050502787,4913.416755050524
v2p1,Bayes_Modeled,0.95,2012,TN,ST,16,16,642918.8214966661,575346.6019063252,706180.424473316,4.16332598241888,1.8272676321339094,6.771621634113925,2684.0376159622538,1140.9691928787568,4378.396489467427
v2p1,Bayes_Modeled,0.95,2013,TN,CT,14,14,552234.8996967906,497699.5046328152,606952.5049452058,4.681707773149446,0.07577691344854363,9.82849312464277,2587.3381194842004,40.26528094722583,5496.282363455108
v2p1,Bayes_Modeled,0.95,2013,TN,MT,14,14,554948.8870722456,499543.1266029607,609866.1812797955,4.675809049995319,0.06685335556489291,9.838594849540128,2596.6758360231615,34.61395012387372,5572.963971916328
v2p1,Bayes_Modeled,0.95,2013,TN,ST,14,14,554948.8870722456,499543.1266029607,609866.1812797955,4.711359642293706,0.07446634453057585,9.863349289311909,2616.5436237115136,38.10644740378476,5582.4174599296
v2p1,Bayes_Modeled,0.95,2014,TN,CT,19,19,745435.1196360395,667716.1987144959,819748.6664168057,7.835124395254145,6.290020646690568,9.582222472804506,5847.713389302,4446.095018879425,7407.423137839079
v2p1,Bayes_Modeled,0.95,2014,TN,MT,12,12,479041.5219618308,426212.272486405,529695.3715468079,7.96962024327395,6.115304096465923,9.944842539827418,3822.275498108273,2792.721626161945,4949.52476474076
v2p1,Bayes_Modeled,0.95,2014,TN,ST,19,18,759316.5397953768,675708.76688289,839374.9178988114,7.5748100575400885,6.0017250987849895,9.36051876618993,5758.936634848075,4291.391714345199,7375.1477125007195
v2p1,Bayes_Modeled,0.95,2015,TN,CT,14,12,515569.3058452989,443656.9074415448,591748.9166018006,8.232205936828118,7.434590748101002,9.059898811032237,4247.430871368438,3461.6750002786284,5076.751556832052
v2p1,Bayes_Modeled,0.95,2015,TN,MT,14,12,465123.808312737,426417.22726849816,504926.7796362379,7.718421985828356,7.024804474877609,8.432405105624984,3590.0432103877174,3142.0100837768823,4055.9576128734757
v2p1,Bayes_Modeled,0.95,2015,TN,ST,14,12,442925.7314620353,403060.59599062277,482607.2492325006,7.531464211429274,6.814021970970497,8.219297030317849,3336.1870826060194,2894.5718849905993,3812.1061497894325
v2p1,Bayes_Modeled,0.95,2016,TN,CT,4,4,107797.62879576921,76680.9788880031,135569.52200098542,5.404836672948943,4.3213062525654475,6.48708454410235,583.7478920982409,369.3432854860938,815.2005864269461
v2p1,Bayes_Modeled,0.95,2016,TN,MT,4,4,89007.20071625577,57650.13588294908,116635.74513993142,4.6287887517686235,3.5448256900451076,5.734490799222771,413.01608687777895,233.77089592427598,605.3709134482222
v2p1,Bayes_Modeled,0.95,2016,TN,ST,4,4,87783.99687120927,56559.8452293367,115252.48534475925,4.6177481137459075,3.5083254691016554,5.65566827716823,406.31809469014416,227.11707923688266,590.523662579666
v2p1,Bayes_Modeled,0.95,2017,TN,CT,30,30,1113400.646638159,965684.8210432134,1263620.8128921357,5.822685835194703,0.19336628614930731,11.782332779739376,6489.234848209825,218.5824504859263,13478.808997553246
v2p1,Bayes_Modeled,0.95,2017,TN,MT,24,24,703840.4124768301,632806.6219676812,775499.9215273319,4.723912031866033,0,10.769736197808111,3330.5875965921446,0,7709.40860268367
v2p1,Bayes_Modeled,0.95,2017,TN,ST,28,28,783927.0679442706,694126.9892513904,872479.087330132,4.583158126731309,0,10.756940136067684,3600.116084158463,0,8314.066581137755
v2p1,Bayes_Modeled,0.95,2018,TN,CT,10,10,407915.0439159574,269436.2074146378,543214.1218099506,7.1374300321271305,1.4071382085003274,13.037599043307459,2953.000801575248,536.6952491400739,6082.579396886458
v2p1,Bayes_Modeled,0.95,2018,TN,MT,10,10,396511.2445874468,271527.05293210095,538701.8784837993,6.929636711260711,1.3094451285924733,12.916698798528436,2789.2004071004203,456.99483394041283,5849.5712868101
v2p1,Bayes_Modeled,0.95,2018,TN,ST,10,10,393853.5627217554,269261.3244676018,535992.1038902043,6.926769044308115,1.279005901553282,12.780414849776523,2769.29531474985,491.9552138454736,5797.18586560326
v2p1,Bayes_Modeled,0.95,2019,TN,CT,2,2,99742.41799288319,90418.61797829511,109225.98216899208,9.837757349917261,3.578510935510292,16.260422666493326,982.0595353708256,346.9637319706079,1653.1764245637137
v2p1,Bayes_Modeled,0.95,2019,TN,MT,2,2,99742.41799288319,90418.61797829511,109225.98216899208,9.800431902031999,3.4760651483546647,16.373567899473745,978.3213291668163,339.19996541476803,1641.1047195370156
v2p1,Bayes_Modeled,0.95,2019,TN,ST,2,2,99742.41799288319,90418.61797829511,109225.98216899208,9.837757349917261,3.578510935510292,16.260422666493326,982.0595353708256,346.9637319706079,1653.1764245637137
v2p1,Bayes_Modeled,0.95,2020,TN,CT,20,20,806951.7912822809,717402.402649373,893516.8907210049,7.379336318643414,2.314065157536527,11.528399323086376,5962.958639367064,1901.979318301476,9494.592769748608
v2p1,Bayes_Modeled,0.95,2020,TN,MT,20,20,607619.697104817,551210.0535258434,663588.4924481383,5.783566542706549,1.234093107645278,9.873869753820394,3515.963117761916,737.1393175587211,6003.494879317432
v2p1,Bayes_Modeled,0.95,2020,TN,ST,20,20,616464.5692435801,556931.7815961624,675832.5478645691,5.8957567554719335,1.2390884050192894,9.864740954065367,3636.941006333778,745.8577982711843,6150.73420290177
v2p1,Bayes_Modeled,0.95,2021,TN,CT,31,31,1145119.8430902904,972876.8238447793,1325746.1714094873,6.3361045669267835,1.4409692509014658,11.047252276242775,7277.060289463483,1579.674169541127,12978.109034534908
v2p1,Bayes_Modeled,0.95,2021,TN,MT,31,31,796697.3171503139,707579.0391422387,893782.6532415379,4.56831843567788,0.34887329800655686,9.395311757266583,3637.9589990918,269.62510318830687,7495.68466074573
v2p1,Bayes_Modeled,0.95,2021,TN,ST,29,29,795435.9556018622,721109.4555769025,873097.2126963369,4.959832844270209,0.43360053157881717,9.772152805712281,3945.157771812636,356.0468546747011,7732.0562022214945
v2p1,Bayes_Modeled,0.95,2022,TN,CT,38,36,1462443.9688438016,1325541.4414871098,1593128.1077909903,6.3249941626707,1.812597447964443,11.137395905563992,9265.619709335211,2645.8904658942174,16062.739611378942
v2p1,Bayes_Modeled,0.95,2022,TN,MT,41,40,1385406.053258105,1286741.9270388377,1488371.6801782083,5.7204081921906,1.1608911657622987,10.582324286699748,7933.349705343266,1576.4026340876385,14872.773204068668
v2p1,Bayes_Modeled,0.95,2022,TN,ST,41,40,1419453.3688553572,1312319.219853946,1527603.973929048,5.883009332761662,1.3195603934950968,10.819327861418872,8360.891399427057,1759.7853678072443,15265.634528248234
v2p1,Bayes_Modeled,0.95,2023,TN,CT,41,41,1708902.8435834912,1584097.2425678622,1844965.9404661981,7.07621556164977,1.2217605830710803,13.29566073509901,12097.383025038947,2068.7461472258583,23088.682774193447
v2p1,Bayes_Modeled,0.95,2023,TN,MT,46,46,1787819.0373125088,1672934.3356046774,1910436.542213783,6.651855915442238,0.7760291264341468,12.947391875862275,11898.376200426354,1417.8904373675127,23250.803042579755
v2p1,Bayes_Modeled,0.95,2023,TN,ST,41,41,1545580.4577305983,1446692.1930412469,1647844.0707116164,6.452667247584088,0.6408427695253285,12.531911381685685,9980.115744382694,998.2281330352333,19641.377920204508
v2p1,Bayes_Modeled,0.95,2024,TN,CT,32,32,1600465.8885206713,1451241.4671612307,1753677.254691104,8.850780618150843,1.8410432302774598,15.783124713106734,14175.349436134662,2890.159401583459,25240.045621829515
v2p1,Bayes_Modeled,0.95,2024,TN,MT,32,32,1600465.8885206713,1451241.4671612307,1753677.254691104,8.859454828011536,1.8719267411959735,15.778430667353915,14189.228481771719,2927.8344892205505,25249.39556283867
v2p1,Bayes_Modeled,0.95,2024,TN,ST,32,32,1600465.8885206713,1451241.4671612307,1753677.254691104,8.86223780879049,1.8476803535928599,15.807446265891993,14193.686858124825,2909.0519398633214,25250.760000153634
v2p1,Bayes_Modeled,0.95,2025,TN,CT,52,52,2032912.233742631,1832271.7586989612,2223295.8335318025,7.282931730654293,1.434577062917072,12.498303362923723,14816.300718762726,2914.996702174193,25676.692112726603
v2p1,Bayes_Modeled,0.95,2025,TN,MT,52,52,1573502.4747153716,1455312.0123042637,1689386.3544655715,5.917928901473734,0.6160625071572727,11.521698646559937,9312.697133136746,948.7893698726666,17985.53072830387
v2p1,Bayes_Modeled,0.95,2025,TN,ST,52,52,1662527.2035949766,1533354.932831374,1793802.2510072985,6.178817099570418,0.7566720569152302,11.696144100900579,10276.786698470873,1285.8744354912387,19452.318339995894
v2p1,Bayes_Modeled,0.95,2011,TP,CT,12,12,446451.59217147174,378092.9116196983,517772.9348141127,1.8044713398817915,0.7207411404616806,2.901866582332876,805.0517440880503,331.40644030377644,1329.4155552697414
v2p1,Bayes_Modeled,0.95,2011,TP,MT,12,12,483403.0149288928,430401.88792301994,533906.731463671,0.7097654841970605,0.08690456455751872,1.686809243971016,343.0212054003683,40.78140601710938,828.5420907779476
v2p1,Bayes_Modeled,0.95,2011,TP,ST,12,12,485583.89764131187,431231.95376228815,538306.329752052,0.6598930097154188,0.07083209935491586,1.6345201433525758,320.35398713921387,33.89377493281419,811.6415262838178
v2p1,Bayes_Modeled,0.95,2012,TP,CT,18,18,650210.2317703817,546823.0553465822,756168.7112348197,1.0939231918451875,0.38780209187481085,2.0501139004121174,710.405466295835,251.6996723833092,1314.0183763466198
v2p1,Bayes_Modeled,0.95,2012,TP,MT,18,18,704417.6730358149,626637.3676787507,778813.5175217993,0.3806429201182233,0.008969393160543173,1.1022056593824956,268.01321911302387,6.275288397811741,777.8334624495374
v2p1,Bayes_Modeled,0.95,2012,TP,ST,16,16,642918.8214966661,575346.6019063252,706180.424473316,0.339951137030959,0.01219148710294838,0.9811888913405502,218.47425825276449,7.397545114011685,638.0270377563695
v2p1,Bayes_Modeled,0.95,2013,TP,CT,14,14,552234.8996967906,497699.5046328152,606952.5049452058,0.2888116621265282,0,0.9332181771724929,159.35603715849084,0,504.41393767332784
v2p1,Bayes_Modeled,0.95,2013,TP,MT,14,14,554948.8870722456,499543.1266029607,609866.1812797955,0.29468974264997905,0,0.9943573343729661,163.3828624497906,0,558.0709412160286
v2p1,Bayes_Modeled,0.95,2013,TP,ST,14,14,554948.8870722456,499543.1266029607,609866.1812797955,0.25835376028092355,0,0.86247320007098,143.21937216483184,0,479.0817398845593
v2p1,Bayes_Modeled,0.95,2014,TP,CT,19,19,745435.1196360395,667716.1987144959,819748.6664168057,0.7355722882373282,0.15259138246541967,1.495192091904449,547.0561845574919,114.49683392614998,1086.0604727442494
v2p1,Bayes_Modeled,0.95,2014,TP,MT,12,12,479041.5219618308,426212.272486405,529695.3715468079,0.6534570757235688,0.07202892289094215,1.4626837541804543,312.4076462567729,35.25512873473727,712.4987813654395
v2p1,Bayes_Modeled,0.95,2014,TP,ST,19,18,759316.5397953768,675708.76688289,839374.9178988114,0.5172287209869754,0.05503736025758402,1.2342942024487766,391.71840532317935,41.6254098179196,909.6350647084112
v2p1,Bayes_Modeled,0.95,2015,TP,CT,14,12,515569.3058452989,443656.9074415448,591748.9166018006,1.0343554397437973,0.3953466951118192,1.7531219287003508,533.1835164869201,208.30253615924738,935.5069636562234
v2p1,Bayes_Modeled,0.95,2015,TP,MT,14,12,465123.808312737,426417.22726849816,504926.7796362379,0.531671908354848,0.13811258265436266,1.1092368141497573,247.3750521821839,64.10757838407628,513.9611055361554
v2p1,Bayes_Modeled,0.95,2015,TP,ST,14,12,442925.7314620353,403060.59599062277,482607.2492325006,0.5186219497761985,0.14484120907699533,1.0958719648046333,229.81656270668486,64.9495620899804,486.0923767455823
v2p1,Bayes_Modeled,0.95,2016,TP,CT,4,4,107797.62879576921,76680.9788880031,135569.52200098542,0.12181317860082211,0,0.6948973897563324,13.560590065994907,0,82.09756178708567
v2p1,Bayes_Modeled,0.95,2016,TP,MT,4,4,89007.20071625577,57650.13588294908,116635.74513993142,0.23803325428424285,0,0.9654702320024372,21.82934386303958,0,94.21398413488396
v2p1,Bayes_Modeled,0.95,2016,TP,ST,4,4,87783.99687120927,56559.8452293367,115252.48534475925,0.2102146102965657,0,0.8998769932047334,19.057717961678236,0,87.62204328299433
v2p1,Bayes_Modeled,0.95,2017,TP,CT,30,30,1113400.646638159,965684.8210432134,1263620.8128921357,0.3453559458143183,0.0480746494760666,0.8073872347678799,384.9483273731596,54.04833350396808,906.520636712727
v2p1,Bayes_Modeled,0.95,2017,TP,MT,24,24,703840.4124768301,632806.6219676812,775499.9215273319,0.286258458210912,0.04178097470051817,0.6733415016346368,201.78460707507085,28.573426375322203,474.4602525013694
v2p1,Bayes_Modeled,0.95,2017,TP,ST,28,28,783927.0679442706,694126.9892513904,872479.087330132,0.2783277686715715,0.036529539008761186,0.6457212783896741,218.6235257375414,29.09545374121504,514.6136945592121
v2p1,Bayes_Modeled,0.95,2018,TP,CT,10,10,407915.0439159574,269436.2074146378,543214.1218099506,1.8632287833758299,0.07284530744468659,4.346068750098079,789.6223667063807,28.024861153675282,2141.973548664274
v2p1,Bayes_Modeled,0.95,2018,TP,MT,10,10,396511.2445874468,271527.05293210095,538701.8784837993,1.3410570723688398,0,3.724173518841136,557.9723074346643,0,1762.8762785865988
v2p1,Bayes_Modeled,0.95,2018,TP,ST,10,10,393853.5627217554,269261.3244676018,535992.1038902043,1.2922167250395862,0,3.6488106254837662,535.0232836861468,0,1701.6191209356375
v2p1,Bayes_Modeled,0.95,2019,TP,CT,2,2,99742.41799288319,90418.61797829511,109225.98216899208,1.5284560186207272,0,3.746612058203927,152.3434567855918,0,374.04833995838635
v2p1,Bayes_Modeled,0.95,2019,TP,MT,2,2,99742.41799288319,90418.61797829511,109225.98216899208,1.5975046644005844,0,3.7962533016266287,159.1997595211257,0,375.6670992016295
v2p1,Bayes_Modeled,0.95,2019,TP,ST,2,2,99742.41799288319,90418.61797829511,109225.98216899208,1.5284560186207272,0,3.746612058203927,152.3434567855918,0,374.04833995838635
v2p1,Bayes_Modeled,0.95,2020,TP,CT,20,20,806951.7912822809,717402.402649373,893516.8907210049,0.3445200034474471,0.03518948113219372,0.8412011417451667,278.13876035983986,28.734838066928795,684.3664731261642
v2p1,Bayes_Modeled,0.95,2020,TP,MT,20,20,607619.697104817,551210.0535258434,663588.4924481383,0.7948734053892177,0.2762009033582262,1.4222663391824895,482.7660312529778,172.33394463450696,878.8906488330504
v2p1,Bayes_Modeled,0.95,2020,TP,ST,20,20,616464.5692435801,556931.7815961624,675832.5478645691,0.6678321582177416,0.21814409746726904,1.2564386244166457,411.39162811755324,132.90605728913255,782.6756681446836
v2p1,Bayes_Modeled,0.95,2021,TP,CT,31,31,1145119.8430902904,972876.8238447793,1325746.1714094873,0.7313524945552199,0.3256132103284748,1.2337592712674645,837.7335864272977,363.36538796556675,1446.1811589123602
v2p1,Bayes_Modeled,0.95,2021,TP,MT,31,31,796697.3171503139,707579.0391422387,893782.6532415379,0.6756586729819828,0.304246552760003,1.1130193484359574,538.4387466976573,242.46887856931897,902.1908413592366
v2p1,Bayes_Modeled,0.95,2021,TP,ST,29,29,795435.9556018622,721109.4555769025,873097.2126963369,0.6338479635614741,0.2972161479739416,1.0649849174205572,504.03629089265223,237.32408894155878,847.8364112912195
v2p1,Bayes_Modeled,0.95,2022,TP,CT,38,36,1462443.9688438016,1325541.4414871098,1593128.1077909903,0.2777280539058883,0.08362090329384833,0.5451319918434748,406.3802114707,118.566670507276,787.8325496516217
v2p1,Bayes_Modeled,0.95,2022,TP,MT,41,40,1385406.053258105,1286741.9270388377,1488371.6801782083,0.3601812882644346,0.13129099122258936,0.6797413866457034,499.12829669415055,184.65821499463922,949.0168745959276
v2p1,Bayes_Modeled,0.95,2022,TP,ST,41,40,1419453.3688553572,1312319.219853946,1527603.973929048,0.3153675232074842,0.1102838439558726,0.5876976856768794,447.6463214024256,161.67466350962405,843.6268465603159
v2p1,Bayes_Modeled,0.95,2023,TP,CT,41,41,1708902.8435834912,1584097.2425678622,1844965.9404661981,0.8084337057033939,0.4741294089820326,1.2009332754659716,1382.207357866725,811.2455282456801,2052.995353464524
v2p1,Bayes_Modeled,0.95,2023,TP,MT,46,46,1787819.0373125088,1672934.3356046774,1910436.542213783,0.7628938025712758,0.4534104884942997,1.1286365181441749,1364.3148518676367,808.5205086608726,2022.2839282038822
v2p1,Bayes_Modeled,0.95,2023,TP,ST,41,41,1545580.4577305983,1446692.1930412469,1647844.0707116164,0.7966720110501684,0.4693989945721797,1.190480291500756,1231.541764483392,713.5274388827079,1847.2365604024749
v2p1,Bayes_Modeled,0.95,2024,TP,CT,32,32,1600465.8885206713,1451241.4671612307,1753677.254691104,1.1108021670354682,0.6963702232179969,1.578630579784789,1777.085526333579,1096.6070604334427,2570.5852370713646
v2p1,Bayes_Modeled,0.95,2024,TP,MT,32,32,1600465.8885206713,1451241.4671612307,1753677.254691104,1.1214211750883514,0.698331137740114,1.5998594168284435,1794.0969755055653,1108.2418949983344,2590.0684381288183
v2p1,Bayes_Modeled,0.95,2024,TP,ST,32,32,1600465.8885206713,1451241.4671612307,1753677.254691104,1.1145627460410819,0.6963702232179969,1.5916132875344138,1783.100392201195,1102.3895076695687,2582.335389879992
v2p1,Bayes_Modeled,0.95,2025,TP,CT,52,52,2032912.233742631,1832271.7586989612,2223295.8335318025,2.593956836478013,2.1283573234250572,3.048098402371161,5274.995758009963,4205.168308970452,6417.012799803224
v2p1,Bayes_Modeled,0.95,2025,TP,MT,52,52,1573502.4747153716,1455312.0123042637,1689386.3544655715,3.1517047905162747,2.7466509719376133,3.5655742657279275,4959.449774048742,4235.112163043236,5732.0218282785445
v2p1,Bayes_Modeled,0.95,2025,TP,ST,52,52,1662527.2035949766,1533354.932831374,1793802.2510072985,3.221223443379774,2.839689645163868,3.623151364292294,5355.651793381968,4590.881510892979,6161.229740945187
v2p1,Bayes_Modeled,0.95,2011,TSS,CT,12,12,446451.59217147174,378092.9116196983,517772.9348141127,1696.1060770927513,851.7799583156811,2504.415543779345,756374.6909430367,371575.5207667424,1160138.2020741946
v2p1,Bayes_Modeled,0.95,2011,TSS,MT,12,12,483403.0149288928,430401.88792301994,533906.731463671,192.15654341602811,0,742.6389988050873,92832.24409586538,0,357916.16630539973
v2p1,Bayes_Modeled,0.95,2011,TSS,ST,12,12,485583.89764131187,431231.95376228815,538306.329752052,152.03334278420277,0,656.5895885276457,73723.2138392409,0,315125.99939669465
v2p1,Bayes_Modeled,0.95,2012,TSS,CT,20,20,727207.3048409823,614190.5913392,843327.4603708806,1347.4778925446922,654.3055086335207,2079.234859079856,979330.9905004123,456002.1209080863,1547543.5754378461
v2p1,Bayes_Modeled,0.95,2012,TSS,MT,20,20,784525.1431286306,698283.3754303813,867885.9877814781,96.07449687518186,0,500.3811566358054,75533.96289033712,0,400664.1904968734
v2p1,Bayes_Modeled,0.95,2012,TSS,ST,20,20,782244.3032918923,696348.4439270359,864012.8796668127,139.79125800064543,0,595.2485927107166,109569.28334266155,0,467239.6281510126
v2p1,Bayes_Modeled,0.95,2013,TSS,CT,14,14,552234.8996967906,497699.5046328152,606952.5049452058,278.6553623637828,0,1063.254749777104,153816.81759648776,0,583567.5863518987
v2p1,Bayes_Modeled,0.95,2013,TSS,MT,14,14,554948.8870722456,499543.1266029607,609866.1812797955,189.69781487764237,0,871.18852411488206,105277.71989558748,0,490744.2152521689
v2p1,Bayes_Modeled,0.95,2013,TSS,ST,14,14,554948.8870722456,499543.1266029607,609866.1812797955,225.5017499888661,0,963.4133882757873,125038.22485245584,0,530059.7714776599
v2p1,Bayes_Modeled,0.95,2014,TSS,CT,19,19,745435.1196360395,667716.1987144959,819748.6664168057,759.0730000985762,169.04422995684297,1422.364044959445,566723.6341058912,122817.48963779333,1073670.2992273425
v2p1,Bayes_Modeled,0.95,2014,TSS,MT,12,12,479041.5219618308,426212.272486405,529695.3715468079,410.72991902529986,0,1112.1769076305259,197197.34693700843,0,533233.9985652318
v2p1,Bayes_Modeled,0.95,2014,TSS,ST,19,18,759316.5397953768,675708.76688289,839374.9178988114,413.2601728052359,7.706519327058204,1038.5775629985571,314394.0058275402,5802.612803987311,794499.8879027644
v2p1,Bayes_Modeled,0.95,2015,TSS,CT,14,12,515569.3058452989,443656.9074415448,591748.9166018006,1480.1489691683923,966.1362458292306,1975.5324694517135,762805.9700888399,484046.8077152291,1043745.4925207172
v2p1,Bayes_Modeled,0.95,2015,TSS,MT,14,12,465123.808312737,426417.22726849816,504926.7796362379,369.4995224341086,66.99762834277439,778.8488860162959,171941.84257130563,30154.201992024064,366540.30037687335
v2p1,Bayes_Modeled,0.95,2015,TSS,ST,14,12,442925.7314620353,403060.59599062277,482607.2492325006,463.18824183940933,125.86976547342508,862.0667804286161,205204.85368929215,54779.379553748455,383405.421447078
v2p1,Bayes_Modeled,0.95,2016,TSS,CT,4,4,107797.62879576921,76680.9788880031,135569.52200098542,588.4775736351205,6.7152936154909355,1329.381358129133,64742.86439847849,604.2570171878788,160142.03792925063
v2p1,Bayes_Modeled,0.95,2016,TSS,MT,4,4,89007.20071625577,57650.13588294908,116635.74513993142,618.5665266818853,0.8645499664299243,1345.0148888374576,56326.92601354423,73.97651025955001,137911.9923628125
v2p1,Bayes_Modeled,0.95,2016,TSS,ST,4,4,87783.99687120927,56559.8452293367,115252.48534475925,741.1143562295744,58.853910641962216,1506.423193212152,66316.8852013304,5114.176975157817,150653.43433507785
v2p1,Bayes_Modeled,0.95,2017,TSS,CT,30,30,1113400.646638159,965684.8210432134,1263620.8128921357,1612.4684691630832,1109.6056809967013,2137.396778536936,1796955.7422064869,1175197.598156887,2483212.5022850605
v2p1,Bayes_Modeled,0.95,2017,TSS,MT,24,24,703840.4124768301,632806.6219676812,775499.9215273319,1001.4472943556564,556.9177118255429,1455.2014230996792,705062.4076702212,386936.0539330867,1053976.827359852
v2p1,Bayes_Modeled,0.95,2017,TSS,ST,28,28,783927.0679442706,694126.9892513904,872479.087330132,1137.5106696387777,698.381319415229,1594.5653287145203,892302.4982324695,535381.8065011542,1267589.712965081
v2p1,Bayes_Modeled,0.95,2018,TSS,CT,10,10,407915.0439159574,269436.2074146378,543214.1218099506,3372.9834577147913,1821.760989284152,5408.789303372346,1397106.0266760776,612625.0100722222,2620367.1128378697
v2p1,Bayes_Modeled,0.95,2018,TSS,MT,10,10,396511.2445874468,271527.05293210095,538701.8784837993,2263.441046849239,912.2649542999783,4260.422331982842,915902.7878602417,327661.36538109067,1969540.4582143635
v2p1,Bayes_Modeled,0.95,2018,TSS,ST,10,10,393853.5627217554,269261.3244676018,535992.1038902043,2363.9647212126865,1009.0202630466803,4400.505573673276,949436.8416610871,356583.55446499196,2006168.7079380862
v2p1,Bayes_Modeled,0.95,2019,TSS,CT,2,2,99742.41799288319,90418.61797829511,109225.98216899208,2245.647678231789,810.308520940118,3997.57418981136,223785.87268610412,80233.5725857371,393006.96734344086
v2p1,Bayes_Modeled,0.95,2019,TSS,MT,2,2,99742.41799288319,90418.61797829511,109225.98216899208,2151.723418071844,676.8525708274033,3898.5936948281046,214424.86700511337,68273.3434076593,383839.6257028604
v2p1,Bayes_Modeled,0.95,2019,TSS,ST,2,2,99742.41799288319,90418.61797829511,109225.98216899208,2245.647678231789,810.308520940118,3997.57418981136,223785.87268610412,80233.5725857371,393006.96734344086
v2p1,Bayes_Modeled,0.95,2020,TSS,CT,20,20,806951.7912822809,717402.402649373,893516.8907210049,369.2203689372929,37.596433085946074,890.3723923704557,298263.852958524,30014.805820719965,721842.4416395879
v2p1,Bayes_Modeled,0.95,2020,TSS,MT,20,20,607619.697104817,551210.0535258434,663588.4924481383,792.2737572083926,298.4408776828725,1358.9434185819894,481262.02738750214,182538.56174385076,827265.5316642185
v2p1,Bayes_Modeled,0.95,2020,TSS,ST,20,20,616464.5692435801,556931.7815961624,675832.5478645691,769.5104674686,286.3195910220179,1322.4146015811953,474170.0913196113,175607.91163979968,818040.5032586269
v2p1,Bayes_Modeled,0.95,2021,TSS,CT,31,31,1145119.8430902904,972876.8238447793,1325746.1714094873,1281.889388857093,804.0213790206953,1771.571646937567,1469282.0663081456,876916.1605908246,2124687.634899338
v2p1,Bayes_Modeled,0.95,2021,TSS,MT,31,31,796697.3171503139,707579.0391422387,893782.6532415379,683.9626318170973,306.2538864336097,1101.5018458921077,545061.0040225748,241992.38448722305,887949.4912063476
v2p1,Bayes_Modeled,0.95,2021,TSS,ST,29,29,795435.9556018622,721109.4555769025,873097.2126963369,796.092383468474,421.4960206413209,1242.8327580809073,633295.0229841237,329822.10316178144,989836.4453404002
v2p1,Bayes_Modeled,0.95,2022,TSS,CT,38,36,1462443.9688438016,1325541.4414871098,1593128.1077909903,423.94063074693884,146.89793888491124,801.1231192816417,620943.9250443289,217534.9671797256,1208247.2469695634
v2p1,Bayes_Modeled,0.95,2022,TSS,MT,41,40,1385406.053258105,1286741.9270388377,1488371.6801782083,460.45206974280194,173.14103972999732,834.0557069926026,637831.9174016081,235722.46162642777,1181589.8732266477
v2p1,Bayes_Modeled,0.95,2022,TSS,ST,41,40,1419453.3688553572,1312319.219853946,1527603.973929048,528.0167053978801,214.63876397265005,921.6201103487354,749565.1610913152,304965.24455062125,1298817.0134529811
v2p1,Bayes_Modeled,0.95,2023,TSS,CT,41,41,1708902.8435834912,1584097.2425678622,1844965.9404661981,1846.1765458110679,1504.3849956066547,2208.265038433702,3155544.0000014096,2512959.511471601,3819342.4601866687
v2p1,Bayes_Modeled,0.95,2023,TSS,MT,46,46,1787819.0373125088,1672934.3356046774,1910436.542213783,1672.5682557155014,1347.70663892557,2006.2501653315999,2990549.1049620206,2378314.2907890608,3617919.028391217
v2p1,Bayes_Modeled,0.95,2023,TSS,ST,41,41,1545580.4577305983,1446692.1930412469,1647844.0707116164,1731.997991521529,1393.3859187895962,2079.3662494054156,2677348.253891252,2117219.6653859653,3239140.614909485
v2p1,Bayes_Modeled,0.95,2024,TSS,CT,32,32,1600465.8885206713,1451241.4671612307,1753677.254691104,1757.7514926504339,1249.5772246046886,2213.6187979611523,2810995.232283708,1967274.083657843,3577155.334335787
v2p1,Bayes_Modeled,0.95,2024,TSS,MT,32,32,1600465.8885206713,1451241.4671612307,1753677.254691104,1778.0621921015168,1265.5425362662336,2234.058793225966,2843478.9055510648,1990768.3680846584,3605254.2565421043
v2p1,Bayes_Modeled,0.95,2024,TSS,ST,32,32,1600465.8885206713,1451241.4671612307,1753677.254691104,1767.9359024732198,1265.6946266142836,2224.9356544164657,2827297.534955101,1984468.7991330046,3594477.8197762677
v2p1,Bayes_Modeled,0.95,2025,TSS,CT,52,52,2032912.233742631,1832271.7586989612,2223295.8335318025,1644.6093885571709,1226.8837663276565,2051.164764874953,3346658.1612541294,2428814.463988001,4303034.281360187
v2p1,Bayes_Modeled,0.95,2025,TSS,MT,52,52,1573502.4747153716,1455312.0123042637,1689386.3544655715,2244.4701639096807,1878.7595544529108,2612.0571616523284,3531703.7491879994,2906924.1335756537,4189345.4498205762
v2p1,Bayes_Modeled,0.95,2025,TSS,ST,52,52,1662527.2035949766,1533354.932831374,1793802.2510072985,2398.199025951374,2023.739984490119,2761.1091259087516,3986295.335252899,3331855.1589120906,4665840.719578225
